date_gregorian,date_jalali,year_jalali,month_jalali,series_id,value,unit,source,gregorian_stamp
2011-03-21,1390-01-01,1390,1,cpi_core_wb,12.47,index,"World Bank Global Inflation Database (Ha, Kose & Ohnsorge)",201104
2011-04-21,1390-02-01,1390,2,cpi_core_wb,12.79,index,"World Bank Global Inflation Database (Ha, Kose & Ohnsorge)",201105
2011-05-22,1390-03-01,1390,3,cpi_core_wb,12.95,index,"World Bank Global Inflation Database (Ha, Kose & Ohnsorge)",201106
2011-06-22,1390-04-01,1390,4,cpi_core_wb,13.0,index,"World Bank Global Inflation Database (Ha, Kose & Ohnsorge)",201107
2011-07-23,1390-05-01,1390,5,cpi_core_wb,13.23,index,"World Bank Global Inflation Database (Ha, Kose & Ohnsorge)",201108
2011-08-23,1390-06-01,1390,6,cpi_core_wb,13.44,index,"World Bank Global Inflation Database (Ha, Kose & Ohnsorge)",201109
2011-09-23,1390-07-01,1390,7,cpi_core_wb,13.64,index,"World Bank Global Inflation Database (Ha, Kose & Ohnsorge)",201110
2011-10-23,1390-08-01,1390,8,cpi_core_wb,13.85,index,"World Bank Global Inflation Database (Ha, Kose & Ohnsorge)",201111
2011-11-22,1390-09-01,1390,9,cpi_core_wb,13.9,index,"World Bank Global Inflation Database (Ha, Kose & Ohnsorge)",201112
2011-12-22,1390-10-01,1390,10,cpi_core_wb,14.14,index,"World Bank Global Inflation Database (Ha, Kose & Ohnsorge)",201201
2012-01-21,1390-11-01,1390,11,cpi_core_wb,14.4,index,"World Bank Global Inflation Database (Ha, Kose & Ohnsorge)",201202
2012-02-20,1390-12-01,1390,12,cpi_core_wb,14.69,index,"World Bank Global Inflation Database (Ha, Kose & Ohnsorge)",201203
2012-03-20,1391-01-01,1391,1,cpi_core_wb,14.86,index,"World Bank Global Inflation Database (Ha, Kose & Ohnsorge)",201204
2012-04-20,1391-02-01,1391,2,cpi_core_wb,15.17,index,"World Bank Global Inflation Database (Ha, Kose & Ohnsorge)",201205
2012-05-21,1391-03-01,1391,3,cpi_core_wb,15.37,index,"World Bank Global Inflation Database (Ha, Kose & Ohnsorge)",201206
2012-06-21,1391-04-01,1391,4,cpi_core_wb,15.66,index,"World Bank Global Inflation Database (Ha, Kose & Ohnsorge)",201207
2012-07-22,1391-05-01,1391,5,cpi_core_wb,16.18,index,"World Bank Global Inflation Database (Ha, Kose & Ohnsorge)",201208
2012-08-22,1391-06-01,1391,6,cpi_core_wb,16.46,index,"World Bank Global Inflation Database (Ha, Kose & Ohnsorge)",201209
2012-09-22,1391-07-01,1391,7,cpi_core_wb,17.22,index,"World Bank Global Inflation Database (Ha, Kose & Ohnsorge)",201210
2012-10-22,1391-08-01,1391,8,cpi_core_wb,17.69,index,"World Bank Global Inflation Database (Ha, Kose & Ohnsorge)",201211
2012-11-21,1391-09-01,1391,9,cpi_core_wb,18.2,index,"World Bank Global Inflation Database (Ha, Kose & Ohnsorge)",201212
2012-12-21,1391-10-01,1391,10,cpi_core_wb,18.58,index,"World Bank Global Inflation Database (Ha, Kose & Ohnsorge)",201301
2013-01-20,1391-11-01,1391,11,cpi_core_wb,19.3,index,"World Bank Global Inflation Database (Ha, Kose & Ohnsorge)",201302
2013-02-19,1391-12-01,1391,12,cpi_core_wb,19.87,index,"World Bank Global Inflation Database (Ha, Kose & Ohnsorge)",201303
2013-03-21,1392-01-01,1392,1,cpi_core_wb,20.43,index,"World Bank Global Inflation Database (Ha, Kose & Ohnsorge)",201304
2013-04-21,1392-02-01,1392,2,cpi_core_wb,20.7,index,"World Bank Global Inflation Database (Ha, Kose & Ohnsorge)",201305
2013-05-22,1392-03-01,1392,3,cpi_core_wb,21.18,index,"World Bank Global Inflation Database (Ha, Kose & Ohnsorge)",201306
2013-06-22,1392-04-01,1392,4,cpi_core_wb,21.67,index,"World Bank Global Inflation Database (Ha, Kose & Ohnsorge)",201307
2013-07-23,1392-05-01,1392,5,cpi_core_wb,22.14,index,"World Bank Global Inflation Database (Ha, Kose & Ohnsorge)",201308
2013-08-23,1392-06-01,1392,6,cpi_core_wb,22.35,index,"World Bank Global Inflation Database (Ha, Kose & Ohnsorge)",201309
2013-09-23,1392-07-01,1392,7,cpi_core_wb,22.45,index,"World Bank Global Inflation Database (Ha, Kose & Ohnsorge)",201310
2013-10-23,1392-08-01,1392,8,cpi_core_wb,22.8,index,"World Bank Global Inflation Database (Ha, Kose & Ohnsorge)",201311
2013-11-22,1392-09-01,1392,9,cpi_core_wb,23.13,index,"World Bank Global Inflation Database (Ha, Kose & Ohnsorge)",201312
2013-12-22,1392-10-01,1392,10,cpi_core_wb,23.32,index,"World Bank Global Inflation Database (Ha, Kose & Ohnsorge)",201401
2014-01-21,1392-11-01,1392,11,cpi_core_wb,23.41,index,"World Bank Global Inflation Database (Ha, Kose & Ohnsorge)",201402
2014-02-20,1392-12-01,1392,12,cpi_core_wb,23.73,index,"World Bank Global Inflation Database (Ha, Kose & Ohnsorge)",201403
2014-03-21,1393-01-01,1393,1,cpi_core_wb,24.13,index,"World Bank Global Inflation Database (Ha, Kose & Ohnsorge)",201404
2014-04-21,1393-02-01,1393,2,cpi_core_wb,24.51,index,"World Bank Global Inflation Database (Ha, Kose & Ohnsorge)",201405
2014-05-22,1393-03-01,1393,3,cpi_core_wb,24.88,index,"World Bank Global Inflation Database (Ha, Kose & Ohnsorge)",201406
2014-06-22,1393-04-01,1393,4,cpi_core_wb,25.13,index,"World Bank Global Inflation Database (Ha, Kose & Ohnsorge)",201407
2014-07-23,1393-05-01,1393,5,cpi_core_wb,25.41,index,"World Bank Global Inflation Database (Ha, Kose & Ohnsorge)",201408
2014-08-23,1393-06-01,1393,6,cpi_core_wb,25.72,index,"World Bank Global Inflation Database (Ha, Kose & Ohnsorge)",201409
2014-09-23,1393-07-01,1393,7,cpi_core_wb,25.93,index,"World Bank Global Inflation Database (Ha, Kose & Ohnsorge)",201410
2014-10-23,1393-08-01,1393,8,cpi_core_wb,26.1,index,"World Bank Global Inflation Database (Ha, Kose & Ohnsorge)",201411
2014-11-22,1393-09-01,1393,9,cpi_core_wb,26.45,index,"World Bank Global Inflation Database (Ha, Kose & Ohnsorge)",201412
2014-12-22,1393-10-01,1393,10,cpi_core_wb,26.82,index,"World Bank Global Inflation Database (Ha, Kose & Ohnsorge)",201501
2015-01-21,1393-11-01,1393,11,cpi_core_wb,26.93,index,"World Bank Global Inflation Database (Ha, Kose & Ohnsorge)",201502
2015-02-20,1393-12-01,1393,12,cpi_core_wb,27.18,index,"World Bank Global Inflation Database (Ha, Kose & Ohnsorge)",201503
2015-03-21,1394-01-01,1394,1,cpi_core_wb,27.43,index,"World Bank Global Inflation Database (Ha, Kose & Ohnsorge)",201504
2015-04-21,1394-02-01,1394,2,cpi_core_wb,27.81,index,"World Bank Global Inflation Database (Ha, Kose & Ohnsorge)",201505
2015-05-22,1394-03-01,1394,3,cpi_core_wb,28.1,index,"World Bank Global Inflation Database (Ha, Kose & Ohnsorge)",201506
2015-06-22,1394-04-01,1394,4,cpi_core_wb,28.17,index,"World Bank Global Inflation Database (Ha, Kose & Ohnsorge)",201507
2015-07-23,1394-05-01,1394,5,cpi_core_wb,28.36,index,"World Bank Global Inflation Database (Ha, Kose & Ohnsorge)",201508
2015-08-23,1394-06-01,1394,6,cpi_core_wb,28.5,index,"World Bank Global Inflation Database (Ha, Kose & Ohnsorge)",201509
2015-09-23,1394-07-01,1394,7,cpi_core_wb,28.64,index,"World Bank Global Inflation Database (Ha, Kose & Ohnsorge)",201510
2015-10-23,1394-08-01,1394,8,cpi_core_wb,28.73,index,"World Bank Global Inflation Database (Ha, Kose & Ohnsorge)",201511
2015-11-22,1394-09-01,1394,9,cpi_core_wb,28.95,index,"World Bank Global Inflation Database (Ha, Kose & Ohnsorge)",201512
2015-12-22,1394-10-01,1394,10,cpi_core_wb,29.25,index,"World Bank Global Inflation Database (Ha, Kose & Ohnsorge)",201601
2016-01-21,1394-11-01,1394,11,cpi_core_wb,29.29,index,"World Bank Global Inflation Database (Ha, Kose & Ohnsorge)",201602
2016-02-20,1394-12-01,1394,12,cpi_core_wb,29.44,index,"World Bank Global Inflation Database (Ha, Kose & Ohnsorge)",201603
2016-03-20,1395-01-01,1395,1,cpi_core_wb,29.72,index,"World Bank Global Inflation Database (Ha, Kose & Ohnsorge)",201604
2016-04-20,1395-02-01,1395,2,cpi_core_wb,29.88,index,"World Bank Global Inflation Database (Ha, Kose & Ohnsorge)",201605
2016-05-21,1395-03-01,1395,3,cpi_core_wb,30.08,index,"World Bank Global Inflation Database (Ha, Kose & Ohnsorge)",201606
2016-06-21,1395-04-01,1395,4,cpi_core_wb,30.01,index,"World Bank Global Inflation Database (Ha, Kose & Ohnsorge)",201607
2016-07-22,1395-05-01,1395,5,cpi_core_wb,30.25,index,"World Bank Global Inflation Database (Ha, Kose & Ohnsorge)",201608
2016-08-22,1395-06-01,1395,6,cpi_core_wb,30.33,index,"World Bank Global Inflation Database (Ha, Kose & Ohnsorge)",201609
2016-09-22,1395-07-01,1395,7,cpi_core_wb,30.33,index,"World Bank Global Inflation Database (Ha, Kose & Ohnsorge)",201610
2016-10-22,1395-08-01,1395,8,cpi_core_wb,30.34,index,"World Bank Global Inflation Database (Ha, Kose & Ohnsorge)",201611
2016-11-21,1395-09-01,1395,9,cpi_core_wb,30.5,index,"World Bank Global Inflation Database (Ha, Kose & Ohnsorge)",201612
2016-12-21,1395-10-01,1395,10,cpi_core_wb,30.77,index,"World Bank Global Inflation Database (Ha, Kose & Ohnsorge)",201701
2017-01-20,1395-11-01,1395,11,cpi_core_wb,30.98,index,"World Bank Global Inflation Database (Ha, Kose & Ohnsorge)",201702
2017-02-19,1395-12-01,1395,12,cpi_core_wb,31.37,index,"World Bank Global Inflation Database (Ha, Kose & Ohnsorge)",201703
2017-03-21,1396-01-01,1396,1,cpi_core_wb,31.57,index,"World Bank Global Inflation Database (Ha, Kose & Ohnsorge)",201704
2017-04-21,1396-02-01,1396,2,cpi_core_wb,31.77,index,"World Bank Global Inflation Database (Ha, Kose & Ohnsorge)",201705
2017-05-22,1396-03-01,1396,3,cpi_core_wb,32.09,index,"World Bank Global Inflation Database (Ha, Kose & Ohnsorge)",201706
2017-06-22,1396-04-01,1396,4,cpi_core_wb,32.05,index,"World Bank Global Inflation Database (Ha, Kose & Ohnsorge)",201707
2017-07-23,1396-05-01,1396,5,cpi_core_wb,32.08,index,"World Bank Global Inflation Database (Ha, Kose & Ohnsorge)",201708
2017-08-23,1396-06-01,1396,6,cpi_core_wb,32.17,index,"World Bank Global Inflation Database (Ha, Kose & Ohnsorge)",201709
2017-09-23,1396-07-01,1396,7,cpi_core_wb,32.39,index,"World Bank Global Inflation Database (Ha, Kose & Ohnsorge)",201710
2017-10-23,1396-08-01,1396,8,cpi_core_wb,32.44,index,"World Bank Global Inflation Database (Ha, Kose & Ohnsorge)",201711
2017-11-22,1396-09-01,1396,9,cpi_core_wb,32.81,index,"World Bank Global Inflation Database (Ha, Kose & Ohnsorge)",201712
2017-12-22,1396-10-01,1396,10,cpi_core_wb,33.05,index,"World Bank Global Inflation Database (Ha, Kose & Ohnsorge)",201801
2018-01-21,1396-11-01,1396,11,cpi_core_wb,33.57,index,"World Bank Global Inflation Database (Ha, Kose & Ohnsorge)",201802
2018-02-20,1396-12-01,1396,12,cpi_core_wb,33.85,index,"World Bank Global Inflation Database (Ha, Kose & Ohnsorge)",201803
2018-03-21,1397-01-01,1397,1,cpi_core_wb,34.19,index,"World Bank Global Inflation Database (Ha, Kose & Ohnsorge)",201804
2018-04-21,1397-02-01,1397,2,cpi_core_wb,34.65,index,"World Bank Global Inflation Database (Ha, Kose & Ohnsorge)",201805
2018-05-22,1397-03-01,1397,3,cpi_core_wb,35.22,index,"World Bank Global Inflation Database (Ha, Kose & Ohnsorge)",201806
2018-06-22,1397-04-01,1397,4,cpi_core_wb,36.68,index,"World Bank Global Inflation Database (Ha, Kose & Ohnsorge)",201807
2018-07-23,1397-05-01,1397,5,cpi_core_wb,38.29,index,"World Bank Global Inflation Database (Ha, Kose & Ohnsorge)",201808
2018-08-23,1397-06-01,1397,6,cpi_core_wb,40.0,index,"World Bank Global Inflation Database (Ha, Kose & Ohnsorge)",201809
2018-09-23,1397-07-01,1397,7,cpi_core_wb,42.22,index,"World Bank Global Inflation Database (Ha, Kose & Ohnsorge)",201810
2018-10-23,1397-08-01,1397,8,cpi_core_wb,43.24,index,"World Bank Global Inflation Database (Ha, Kose & Ohnsorge)",201811
2018-11-22,1397-09-01,1397,9,cpi_core_wb,44.02,index,"World Bank Global Inflation Database (Ha, Kose & Ohnsorge)",201812
2018-12-22,1397-10-01,1397,10,cpi_core_wb,44.95,index,"World Bank Global Inflation Database (Ha, Kose & Ohnsorge)",201901
2019-01-21,1397-11-01,1397,11,cpi_core_wb,46.0,index,"World Bank Global Inflation Database (Ha, Kose & Ohnsorge)",201902
2019-02-20,1397-12-01,1397,12,cpi_core_wb,47.46,index,"World Bank Global Inflation Database (Ha, Kose & Ohnsorge)",201903
2019-03-21,1398-01-01,1398,1,cpi_core_wb,48.58,index,"World Bank Global Inflation Database (Ha, Kose & Ohnsorge)",201904
2019-04-21,1398-02-01,1398,2,cpi_core_wb,50.03,index,"World Bank Global Inflation Database (Ha, Kose & Ohnsorge)",201905
2019-05-22,1398-03-01,1398,3,cpi_core_wb,50.88,index,"World Bank Global Inflation Database (Ha, Kose & Ohnsorge)",201906
2019-06-22,1398-04-01,1398,4,cpi_core_wb,51.68,index,"World Bank Global Inflation Database (Ha, Kose & Ohnsorge)",201907
2019-07-23,1398-05-01,1398,5,cpi_core_wb,52.29,index,"World Bank Global Inflation Database (Ha, Kose & Ohnsorge)",201908
2019-08-23,1398-06-01,1398,6,cpi_core_wb,52.39,index,"World Bank Global Inflation Database (Ha, Kose & Ohnsorge)",201909
2019-09-23,1398-07-01,1398,7,cpi_core_wb,53.35,index,"World Bank Global Inflation Database (Ha, Kose & Ohnsorge)",201910
2019-10-23,1398-08-01,1398,8,cpi_core_wb,54.17,index,"World Bank Global Inflation Database (Ha, Kose & Ohnsorge)",201911
2019-11-22,1398-09-01,1398,9,cpi_core_wb,56.15,index,"World Bank Global Inflation Database (Ha, Kose & Ohnsorge)",201912
2019-12-22,1398-10-01,1398,10,cpi_core_wb,57.03,index,"World Bank Global Inflation Database (Ha, Kose & Ohnsorge)",202001
2020-01-21,1398-11-01,1398,11,cpi_core_wb,58.41,index,"World Bank Global Inflation Database (Ha, Kose & Ohnsorge)",202002
2020-02-20,1398-12-01,1398,12,cpi_core_wb,59.63,index,"World Bank Global Inflation Database (Ha, Kose & Ohnsorge)",202003
2020-03-20,1399-01-01,1399,1,cpi_core_wb,60.0,index,"World Bank Global Inflation Database (Ha, Kose & Ohnsorge)",202004
2020-04-20,1399-02-01,1399,2,cpi_core_wb,62.52,index,"World Bank Global Inflation Database (Ha, Kose & Ohnsorge)",202005
2020-05-21,1399-03-01,1399,3,cpi_core_wb,64.04,index,"World Bank Global Inflation Database (Ha, Kose & Ohnsorge)",202006
2020-06-21,1399-04-01,1399,4,cpi_core_wb,67.43,index,"World Bank Global Inflation Database (Ha, Kose & Ohnsorge)",202007
2020-07-22,1399-05-01,1399,5,cpi_core_wb,69.56,index,"World Bank Global Inflation Database (Ha, Kose & Ohnsorge)",202008
2020-08-22,1399-06-01,1399,6,cpi_core_wb,71.86,index,"World Bank Global Inflation Database (Ha, Kose & Ohnsorge)",202009
2020-09-22,1399-07-01,1399,7,cpi_core_wb,76.54,index,"World Bank Global Inflation Database (Ha, Kose & Ohnsorge)",202010
2020-10-22,1399-08-01,1399,8,cpi_core_wb,78.43,index,"World Bank Global Inflation Database (Ha, Kose & Ohnsorge)",202011
2020-11-21,1399-09-01,1399,9,cpi_core_wb,79.55,index,"World Bank Global Inflation Database (Ha, Kose & Ohnsorge)",202012
2020-12-21,1399-10-01,1399,10,cpi_core_wb,81.18,index,"World Bank Global Inflation Database (Ha, Kose & Ohnsorge)",202101
2021-01-20,1399-11-01,1399,11,cpi_core_wb,83.36,index,"World Bank Global Inflation Database (Ha, Kose & Ohnsorge)",202102
2021-02-19,1399-12-01,1399,12,cpi_core_wb,85.59,index,"World Bank Global Inflation Database (Ha, Kose & Ohnsorge)",202103
2021-03-21,1400-01-01,1400,1,cpi_core_wb,88.68,index,"World Bank Global Inflation Database (Ha, Kose & Ohnsorge)",202104
2021-04-21,1400-02-01,1400,2,cpi_core_wb,90.22,index,"World Bank Global Inflation Database (Ha, Kose & Ohnsorge)",202105
2021-05-22,1400-03-01,1400,3,cpi_core_wb,92.12,index,"World Bank Global Inflation Database (Ha, Kose & Ohnsorge)",202106
2021-06-22,1400-04-01,1400,4,cpi_core_wb,94.31,index,"World Bank Global Inflation Database (Ha, Kose & Ohnsorge)",202107
2021-07-23,1400-05-01,1400,5,cpi_core_wb,96.56,index,"World Bank Global Inflation Database (Ha, Kose & Ohnsorge)",202108
2021-08-23,1400-06-01,1400,6,cpi_core_wb,99.08,index,"World Bank Global Inflation Database (Ha, Kose & Ohnsorge)",202109
2021-09-23,1400-07-01,1400,7,cpi_core_wb,100.97,index,"World Bank Global Inflation Database (Ha, Kose & Ohnsorge)",202110
2021-10-23,1400-08-01,1400,8,cpi_core_wb,102.96,index,"World Bank Global Inflation Database (Ha, Kose & Ohnsorge)",202111
2021-11-22,1400-09-01,1400,9,cpi_core_wb,105.15,index,"World Bank Global Inflation Database (Ha, Kose & Ohnsorge)",202112
2021-12-22,1400-10-01,1400,10,cpi_core_wb,107.86,index,"World Bank Global Inflation Database (Ha, Kose & Ohnsorge)",202201
2022-01-21,1400-11-01,1400,11,cpi_core_wb,110.19,index,"World Bank Global Inflation Database (Ha, Kose & Ohnsorge)",202202
2022-02-20,1400-12-01,1400,12,cpi_core_wb,111.91,index,"World Bank Global Inflation Database (Ha, Kose & Ohnsorge)",202203
2022-03-21,1401-01-01,1401,1,cpi_core_wb,114.09,index,"World Bank Global Inflation Database (Ha, Kose & Ohnsorge)",202204
2022-04-21,1401-02-01,1401,2,cpi_core_wb,117.84,index,"World Bank Global Inflation Database (Ha, Kose & Ohnsorge)",202205
2022-05-22,1401-03-01,1401,3,cpi_core_wb,122.85,index,"World Bank Global Inflation Database (Ha, Kose & Ohnsorge)",202206
2022-06-22,1401-04-01,1401,4,cpi_core_wb,126.48,index,"World Bank Global Inflation Database (Ha, Kose & Ohnsorge)",202207
2022-07-23,1401-05-01,1401,5,cpi_core_wb,129.97,index,"World Bank Global Inflation Database (Ha, Kose & Ohnsorge)",202208
2022-08-23,1401-06-01,1401,6,cpi_core_wb,132.72,index,"World Bank Global Inflation Database (Ha, Kose & Ohnsorge)",202209
2022-09-23,1401-07-01,1401,7,cpi_core_wb,135.68,index,"World Bank Global Inflation Database (Ha, Kose & Ohnsorge)",202210
2022-10-23,1401-08-01,1401,8,cpi_core_wb,139.95,index,"World Bank Global Inflation Database (Ha, Kose & Ohnsorge)",202211
2022-11-22,1401-09-01,1401,9,cpi_core_wb,145.24,index,"World Bank Global Inflation Database (Ha, Kose & Ohnsorge)",202212
2022-12-22,1401-10-01,1401,10,cpi_core_wb,149.42,index,"World Bank Global Inflation Database (Ha, Kose & Ohnsorge)",202301
2023-01-21,1401-11-01,1401,11,cpi_core_wb,154.62,index,"World Bank Global Inflation Database (Ha, Kose & Ohnsorge)",202302
2023-02-20,1401-12-01,1401,12,cpi_core_wb,161.43,index,"World Bank Global Inflation Database (Ha, Kose & Ohnsorge)",202303
2023-03-21,1402-01-01,1402,1,cpi_core_wb,166.23,index,"World Bank Global Inflation Database (Ha, Kose & Ohnsorge)",202304
2023-04-21,1402-02-01,1402,2,cpi_core_wb,170.94,index,"World Bank Global Inflation Database (Ha, Kose & Ohnsorge)",202305
2023-05-22,1402-03-01,1402,3,cpi_core_wb,175.06,index,"World Bank Global Inflation Database (Ha, Kose & Ohnsorge)",202306
2023-06-22,1402-04-01,1402,4,cpi_core_wb,178.32,index,"World Bank Global Inflation Database (Ha, Kose & Ohnsorge)",202307
2023-07-23,1402-05-01,1402,5,cpi_core_wb,182.95,index,"World Bank Global Inflation Database (Ha, Kose & Ohnsorge)",202308
2023-08-23,1402-06-01,1402,6,cpi_core_wb,187.24,index,"World Bank Global Inflation Database (Ha, Kose & Ohnsorge)",202309
2023-09-23,1402-07-01,1402,7,cpi_core_wb,192.06,index,"World Bank Global Inflation Database (Ha, Kose & Ohnsorge)",202310
2023-10-23,1402-08-01,1402,8,cpi_core_wb,197.63,index,"World Bank Global Inflation Database (Ha, Kose & Ohnsorge)",202311
2023-11-22,1402-09-01,1402,9,cpi_core_wb,203.37,index,"World Bank Global Inflation Database (Ha, Kose & Ohnsorge)",202312
2023-12-22,1402-10-01,1402,10,cpi_core_wb,207.17,index,"World Bank Global Inflation Database (Ha, Kose & Ohnsorge)",202401
2024-01-21,1402-11-01,1402,11,cpi_core_wb,213.9,index,"World Bank Global Inflation Database (Ha, Kose & Ohnsorge)",202402
2024-02-20,1402-12-01,1402,12,cpi_core_wb,219.7,index,"World Bank Global Inflation Database (Ha, Kose & Ohnsorge)",202403
2024-03-20,1403-01-01,1403,1,cpi_core_wb,224.36,index,"World Bank Global Inflation Database (Ha, Kose & Ohnsorge)",202404
2024-04-20,1403-02-01,1403,2,cpi_core_wb,231.63,index,"World Bank Global Inflation Database (Ha, Kose & Ohnsorge)",202405
2024-05-21,1403-03-01,1403,3,cpi_core_wb,236.92,index,"World Bank Global Inflation Database (Ha, Kose & Ohnsorge)",202406
2024-06-21,1403-04-01,1403,4,cpi_core_wb,241.76,index,"World Bank Global Inflation Database (Ha, Kose & Ohnsorge)",202407
2024-07-22,1403-05-01,1403,5,cpi_core_wb,247.86,index,"World Bank Global Inflation Database (Ha, Kose & Ohnsorge)",202408
2024-08-22,1403-06-01,1403,6,cpi_core_wb,253.64,index,"World Bank Global Inflation Database (Ha, Kose & Ohnsorge)",202409
2024-09-22,1403-07-01,1403,7,cpi_core_wb,259.31,index,"World Bank Global Inflation Database (Ha, Kose & Ohnsorge)",202410
2024-10-22,1403-08-01,1403,8,cpi_core_wb,265.59,index,"World Bank Global Inflation Database (Ha, Kose & Ohnsorge)",202411
2024-11-21,1403-09-01,1403,9,cpi_core_wb,272.67,index,"World Bank Global Inflation Database (Ha, Kose & Ohnsorge)",202412
2024-12-21,1403-10-01,1403,10,cpi_core_wb,277.66,index,"World Bank Global Inflation Database (Ha, Kose & Ohnsorge)",202501
2025-01-20,1403-11-01,1403,11,cpi_core_wb,287.74,index,"World Bank Global Inflation Database (Ha, Kose & Ohnsorge)",202502
2025-02-19,1403-12-01,1403,12,cpi_core_wb,296.77,index,"World Bank Global Inflation Database (Ha, Kose & Ohnsorge)",202503
2011-03-21,1390-01-01,1390,1,cpi_energy_wb,17.4,index,"World Bank Global Inflation Database (Ha, Kose & Ohnsorge)",201104
2011-04-21,1390-02-01,1390,2,cpi_energy_wb,18.1,index,"World Bank Global Inflation Database (Ha, Kose & Ohnsorge)",201105
2011-05-22,1390-03-01,1390,3,cpi_energy_wb,18.6,index,"World Bank Global Inflation Database (Ha, Kose & Ohnsorge)",201106
2011-06-22,1390-04-01,1390,4,cpi_energy_wb,19.3,index,"World Bank Global Inflation Database (Ha, Kose & Ohnsorge)",201107
2011-07-23,1390-05-01,1390,5,cpi_energy_wb,20.1,index,"World Bank Global Inflation Database (Ha, Kose & Ohnsorge)",201108
2011-08-23,1390-06-01,1390,6,cpi_energy_wb,20.5,index,"World Bank Global Inflation Database (Ha, Kose & Ohnsorge)",201109
2011-09-23,1390-07-01,1390,7,cpi_energy_wb,20.8,index,"World Bank Global Inflation Database (Ha, Kose & Ohnsorge)",201110
2011-10-23,1390-08-01,1390,8,cpi_energy_wb,21.0,index,"World Bank Global Inflation Database (Ha, Kose & Ohnsorge)",201111
2011-11-22,1390-09-01,1390,9,cpi_energy_wb,21.2,index,"World Bank Global Inflation Database (Ha, Kose & Ohnsorge)",201112
2011-12-22,1390-10-01,1390,10,cpi_energy_wb,21.4,index,"World Bank Global Inflation Database (Ha, Kose & Ohnsorge)",201201
2012-01-21,1390-11-01,1390,11,cpi_energy_wb,21.3,index,"World Bank Global Inflation Database (Ha, Kose & Ohnsorge)",201202
2012-02-20,1390-12-01,1390,12,cpi_energy_wb,21.4,index,"World Bank Global Inflation Database (Ha, Kose & Ohnsorge)",201203
2012-03-20,1391-01-01,1391,1,cpi_energy_wb,21.6,index,"World Bank Global Inflation Database (Ha, Kose & Ohnsorge)",201204
2012-04-20,1391-02-01,1391,2,cpi_energy_wb,21.8,index,"World Bank Global Inflation Database (Ha, Kose & Ohnsorge)",201205
2012-05-21,1391-03-01,1391,3,cpi_energy_wb,22.0,index,"World Bank Global Inflation Database (Ha, Kose & Ohnsorge)",201206
2012-06-21,1391-04-01,1391,4,cpi_energy_wb,22.4,index,"World Bank Global Inflation Database (Ha, Kose & Ohnsorge)",201207
2012-07-22,1391-05-01,1391,5,cpi_energy_wb,23.0,index,"World Bank Global Inflation Database (Ha, Kose & Ohnsorge)",201208
2012-08-22,1391-06-01,1391,6,cpi_energy_wb,23.7,index,"World Bank Global Inflation Database (Ha, Kose & Ohnsorge)",201209
2012-09-22,1391-07-01,1391,7,cpi_energy_wb,24.3,index,"World Bank Global Inflation Database (Ha, Kose & Ohnsorge)",201210
2012-10-22,1391-08-01,1391,8,cpi_energy_wb,24.7,index,"World Bank Global Inflation Database (Ha, Kose & Ohnsorge)",201211
2012-11-21,1391-09-01,1391,9,cpi_energy_wb,24.8,index,"World Bank Global Inflation Database (Ha, Kose & Ohnsorge)",201212
2012-12-21,1391-10-01,1391,10,cpi_energy_wb,25.1,index,"World Bank Global Inflation Database (Ha, Kose & Ohnsorge)",201301
2013-01-20,1391-11-01,1391,11,cpi_energy_wb,25.2,index,"World Bank Global Inflation Database (Ha, Kose & Ohnsorge)",201302
2013-02-19,1391-12-01,1391,12,cpi_energy_wb,25.3,index,"World Bank Global Inflation Database (Ha, Kose & Ohnsorge)",201303
2013-03-21,1392-01-01,1392,1,cpi_energy_wb,25.6,index,"World Bank Global Inflation Database (Ha, Kose & Ohnsorge)",201304
2013-04-21,1392-02-01,1392,2,cpi_energy_wb,25.8,index,"World Bank Global Inflation Database (Ha, Kose & Ohnsorge)",201305
2013-05-22,1392-03-01,1392,3,cpi_energy_wb,26.6,index,"World Bank Global Inflation Database (Ha, Kose & Ohnsorge)",201306
2013-06-22,1392-04-01,1392,4,cpi_energy_wb,27.3,index,"World Bank Global Inflation Database (Ha, Kose & Ohnsorge)",201307
2013-07-23,1392-05-01,1392,5,cpi_energy_wb,27.7,index,"World Bank Global Inflation Database (Ha, Kose & Ohnsorge)",201308
2013-08-23,1392-06-01,1392,6,cpi_energy_wb,28.2,index,"World Bank Global Inflation Database (Ha, Kose & Ohnsorge)",201309
2013-09-23,1392-07-01,1392,7,cpi_energy_wb,28.6,index,"World Bank Global Inflation Database (Ha, Kose & Ohnsorge)",201310
2013-10-23,1392-08-01,1392,8,cpi_energy_wb,29.4,index,"World Bank Global Inflation Database (Ha, Kose & Ohnsorge)",201311
2013-11-22,1392-09-01,1392,9,cpi_energy_wb,29.8,index,"World Bank Global Inflation Database (Ha, Kose & Ohnsorge)",201312
2013-12-22,1392-10-01,1392,10,cpi_energy_wb,30.1,index,"World Bank Global Inflation Database (Ha, Kose & Ohnsorge)",201401
2014-01-21,1392-11-01,1392,11,cpi_energy_wb,30.1,index,"World Bank Global Inflation Database (Ha, Kose & Ohnsorge)",201402
2014-02-20,1392-12-01,1392,12,cpi_energy_wb,30.1,index,"World Bank Global Inflation Database (Ha, Kose & Ohnsorge)",201403
2014-03-21,1393-01-01,1393,1,cpi_energy_wb,30.6,index,"World Bank Global Inflation Database (Ha, Kose & Ohnsorge)",201404
2014-04-21,1393-02-01,1393,2,cpi_energy_wb,31.1,index,"World Bank Global Inflation Database (Ha, Kose & Ohnsorge)",201405
2014-05-22,1393-03-01,1393,3,cpi_energy_wb,31.5,index,"World Bank Global Inflation Database (Ha, Kose & Ohnsorge)",201406
2014-06-22,1393-04-01,1393,4,cpi_energy_wb,32.2,index,"World Bank Global Inflation Database (Ha, Kose & Ohnsorge)",201407
2014-07-23,1393-05-01,1393,5,cpi_energy_wb,32.9,index,"World Bank Global Inflation Database (Ha, Kose & Ohnsorge)",201408
2014-08-23,1393-06-01,1393,6,cpi_energy_wb,33.2,index,"World Bank Global Inflation Database (Ha, Kose & Ohnsorge)",201409
2014-09-23,1393-07-01,1393,7,cpi_energy_wb,34.0,index,"World Bank Global Inflation Database (Ha, Kose & Ohnsorge)",201410
2014-10-23,1393-08-01,1393,8,cpi_energy_wb,34.4,index,"World Bank Global Inflation Database (Ha, Kose & Ohnsorge)",201411
2014-11-22,1393-09-01,1393,9,cpi_energy_wb,34.7,index,"World Bank Global Inflation Database (Ha, Kose & Ohnsorge)",201412
2014-12-22,1393-10-01,1393,10,cpi_energy_wb,35.4,index,"World Bank Global Inflation Database (Ha, Kose & Ohnsorge)",201501
2015-01-21,1393-11-01,1393,11,cpi_energy_wb,35.4,index,"World Bank Global Inflation Database (Ha, Kose & Ohnsorge)",201502
2015-02-20,1393-12-01,1393,12,cpi_energy_wb,35.6,index,"World Bank Global Inflation Database (Ha, Kose & Ohnsorge)",201503
2015-03-21,1394-01-01,1394,1,cpi_energy_wb,35.7,index,"World Bank Global Inflation Database (Ha, Kose & Ohnsorge)",201504
2015-04-21,1394-02-01,1394,2,cpi_energy_wb,35.9,index,"World Bank Global Inflation Database (Ha, Kose & Ohnsorge)",201505
2015-05-22,1394-03-01,1394,3,cpi_energy_wb,36.4,index,"World Bank Global Inflation Database (Ha, Kose & Ohnsorge)",201506
2015-06-22,1394-04-01,1394,4,cpi_energy_wb,37.1,index,"World Bank Global Inflation Database (Ha, Kose & Ohnsorge)",201507
2015-07-23,1394-05-01,1394,5,cpi_energy_wb,37.5,index,"World Bank Global Inflation Database (Ha, Kose & Ohnsorge)",201508
2015-08-23,1394-06-01,1394,6,cpi_energy_wb,38.4,index,"World Bank Global Inflation Database (Ha, Kose & Ohnsorge)",201509
2015-09-23,1394-07-01,1394,7,cpi_energy_wb,39.1,index,"World Bank Global Inflation Database (Ha, Kose & Ohnsorge)",201510
2015-10-23,1394-08-01,1394,8,cpi_energy_wb,39.7,index,"World Bank Global Inflation Database (Ha, Kose & Ohnsorge)",201511
2015-11-22,1394-09-01,1394,9,cpi_energy_wb,40.0,index,"World Bank Global Inflation Database (Ha, Kose & Ohnsorge)",201512
2015-12-22,1394-10-01,1394,10,cpi_energy_wb,39.8,index,"World Bank Global Inflation Database (Ha, Kose & Ohnsorge)",201601
2016-01-21,1394-11-01,1394,11,cpi_energy_wb,39.4,index,"World Bank Global Inflation Database (Ha, Kose & Ohnsorge)",201602
2016-02-20,1394-12-01,1394,12,cpi_energy_wb,39.4,index,"World Bank Global Inflation Database (Ha, Kose & Ohnsorge)",201603
2016-03-20,1395-01-01,1395,1,cpi_energy_wb,39.6,index,"World Bank Global Inflation Database (Ha, Kose & Ohnsorge)",201604
2016-04-20,1395-02-01,1395,2,cpi_energy_wb,39.6,index,"World Bank Global Inflation Database (Ha, Kose & Ohnsorge)",201605
2016-05-21,1395-03-01,1395,3,cpi_energy_wb,39.7,index,"World Bank Global Inflation Database (Ha, Kose & Ohnsorge)",201606
2016-06-21,1395-04-01,1395,4,cpi_energy_wb,40.1,index,"World Bank Global Inflation Database (Ha, Kose & Ohnsorge)",201607
2016-07-22,1395-05-01,1395,5,cpi_energy_wb,40.4,index,"World Bank Global Inflation Database (Ha, Kose & Ohnsorge)",201608
2016-08-22,1395-06-01,1395,6,cpi_energy_wb,40.6,index,"World Bank Global Inflation Database (Ha, Kose & Ohnsorge)",201609
2016-09-22,1395-07-01,1395,7,cpi_energy_wb,40.9,index,"World Bank Global Inflation Database (Ha, Kose & Ohnsorge)",201610
2016-10-22,1395-08-01,1395,8,cpi_energy_wb,41.0,index,"World Bank Global Inflation Database (Ha, Kose & Ohnsorge)",201611
2016-11-21,1395-09-01,1395,9,cpi_energy_wb,41.1,index,"World Bank Global Inflation Database (Ha, Kose & Ohnsorge)",201612
2016-12-21,1395-10-01,1395,10,cpi_energy_wb,41.4,index,"World Bank Global Inflation Database (Ha, Kose & Ohnsorge)",201701
2017-01-20,1395-11-01,1395,11,cpi_energy_wb,41.4,index,"World Bank Global Inflation Database (Ha, Kose & Ohnsorge)",201702
2017-02-19,1395-12-01,1395,12,cpi_energy_wb,41.3,index,"World Bank Global Inflation Database (Ha, Kose & Ohnsorge)",201703
2017-03-21,1396-01-01,1396,1,cpi_energy_wb,41.7,index,"World Bank Global Inflation Database (Ha, Kose & Ohnsorge)",201704
2017-04-21,1396-02-01,1396,2,cpi_energy_wb,41.9,index,"World Bank Global Inflation Database (Ha, Kose & Ohnsorge)",201705
2017-05-22,1396-03-01,1396,3,cpi_energy_wb,42.0,index,"World Bank Global Inflation Database (Ha, Kose & Ohnsorge)",201706
2017-06-22,1396-04-01,1396,4,cpi_energy_wb,42.8,index,"World Bank Global Inflation Database (Ha, Kose & Ohnsorge)",201707
2017-07-23,1396-05-01,1396,5,cpi_energy_wb,43.1,index,"World Bank Global Inflation Database (Ha, Kose & Ohnsorge)",201708
2017-08-23,1396-06-01,1396,6,cpi_energy_wb,43.4,index,"World Bank Global Inflation Database (Ha, Kose & Ohnsorge)",201709
2017-09-23,1396-07-01,1396,7,cpi_energy_wb,44.2,index,"World Bank Global Inflation Database (Ha, Kose & Ohnsorge)",201710
2017-10-23,1396-08-01,1396,8,cpi_energy_wb,44.6,index,"World Bank Global Inflation Database (Ha, Kose & Ohnsorge)",201711
2017-11-22,1396-09-01,1396,9,cpi_energy_wb,44.6,index,"World Bank Global Inflation Database (Ha, Kose & Ohnsorge)",201712
2017-12-22,1396-10-01,1396,10,cpi_energy_wb,44.7,index,"World Bank Global Inflation Database (Ha, Kose & Ohnsorge)",201801
2018-01-21,1396-11-01,1396,11,cpi_energy_wb,44.7,index,"World Bank Global Inflation Database (Ha, Kose & Ohnsorge)",201802
2018-02-20,1396-12-01,1396,12,cpi_energy_wb,44.6,index,"World Bank Global Inflation Database (Ha, Kose & Ohnsorge)",201803
2018-03-21,1397-01-01,1397,1,cpi_energy_wb,44.9,index,"World Bank Global Inflation Database (Ha, Kose & Ohnsorge)",201804
2018-04-21,1397-02-01,1397,2,cpi_energy_wb,45.4,index,"World Bank Global Inflation Database (Ha, Kose & Ohnsorge)",201805
2018-05-22,1397-03-01,1397,3,cpi_energy_wb,45.5,index,"World Bank Global Inflation Database (Ha, Kose & Ohnsorge)",201806
2018-06-22,1397-04-01,1397,4,cpi_energy_wb,48.2,index,"World Bank Global Inflation Database (Ha, Kose & Ohnsorge)",201807
2018-07-23,1397-05-01,1397,5,cpi_energy_wb,49.3,index,"World Bank Global Inflation Database (Ha, Kose & Ohnsorge)",201808
2018-08-23,1397-06-01,1397,6,cpi_energy_wb,50.5,index,"World Bank Global Inflation Database (Ha, Kose & Ohnsorge)",201809
2018-09-23,1397-07-01,1397,7,cpi_energy_wb,53.0,index,"World Bank Global Inflation Database (Ha, Kose & Ohnsorge)",201810
2018-10-23,1397-08-01,1397,8,cpi_energy_wb,53.6,index,"World Bank Global Inflation Database (Ha, Kose & Ohnsorge)",201811
2018-11-22,1397-09-01,1397,9,cpi_energy_wb,54.3,index,"World Bank Global Inflation Database (Ha, Kose & Ohnsorge)",201812
2018-12-22,1397-10-01,1397,10,cpi_energy_wb,54.9,index,"World Bank Global Inflation Database (Ha, Kose & Ohnsorge)",201901
2019-01-21,1397-11-01,1397,11,cpi_energy_wb,55.1,index,"World Bank Global Inflation Database (Ha, Kose & Ohnsorge)",201902
2019-02-20,1397-12-01,1397,12,cpi_energy_wb,55.5,index,"World Bank Global Inflation Database (Ha, Kose & Ohnsorge)",201903
2019-03-21,1398-01-01,1398,1,cpi_energy_wb,56.3,index,"World Bank Global Inflation Database (Ha, Kose & Ohnsorge)",201904
2019-04-21,1398-02-01,1398,2,cpi_energy_wb,56.9,index,"World Bank Global Inflation Database (Ha, Kose & Ohnsorge)",201905
2019-05-22,1398-03-01,1398,3,cpi_energy_wb,57.6,index,"World Bank Global Inflation Database (Ha, Kose & Ohnsorge)",201906
2019-06-22,1398-04-01,1398,4,cpi_energy_wb,60.1,index,"World Bank Global Inflation Database (Ha, Kose & Ohnsorge)",201907
2019-07-23,1398-05-01,1398,5,cpi_energy_wb,61.2,index,"World Bank Global Inflation Database (Ha, Kose & Ohnsorge)",201908
2019-08-23,1398-06-01,1398,6,cpi_energy_wb,62.6,index,"World Bank Global Inflation Database (Ha, Kose & Ohnsorge)",201909
2019-09-23,1398-07-01,1398,7,cpi_energy_wb,65.4,index,"World Bank Global Inflation Database (Ha, Kose & Ohnsorge)",201910
2019-10-23,1398-08-01,1398,8,cpi_energy_wb,66.3,index,"World Bank Global Inflation Database (Ha, Kose & Ohnsorge)",201911
2019-11-22,1398-09-01,1398,9,cpi_energy_wb,66.5,index,"World Bank Global Inflation Database (Ha, Kose & Ohnsorge)",201912
2019-12-22,1398-10-01,1398,10,cpi_energy_wb,67.1,index,"World Bank Global Inflation Database (Ha, Kose & Ohnsorge)",202001
2020-01-21,1398-11-01,1398,11,cpi_energy_wb,67.4,index,"World Bank Global Inflation Database (Ha, Kose & Ohnsorge)",202002
2020-02-20,1398-12-01,1398,12,cpi_energy_wb,67.7,index,"World Bank Global Inflation Database (Ha, Kose & Ohnsorge)",202003
2020-03-20,1399-01-01,1399,1,cpi_energy_wb,67.8,index,"World Bank Global Inflation Database (Ha, Kose & Ohnsorge)",202004
2020-04-20,1399-02-01,1399,2,cpi_energy_wb,69.1,index,"World Bank Global Inflation Database (Ha, Kose & Ohnsorge)",202005
2020-05-21,1399-03-01,1399,3,cpi_energy_wb,70.1,index,"World Bank Global Inflation Database (Ha, Kose & Ohnsorge)",202006
2020-06-21,1399-04-01,1399,4,cpi_energy_wb,74.9,index,"World Bank Global Inflation Database (Ha, Kose & Ohnsorge)",202007
2020-07-22,1399-05-01,1399,5,cpi_energy_wb,77.0,index,"World Bank Global Inflation Database (Ha, Kose & Ohnsorge)",202008
2020-08-22,1399-06-01,1399,6,cpi_energy_wb,79.1,index,"World Bank Global Inflation Database (Ha, Kose & Ohnsorge)",202009
2020-09-22,1399-07-01,1399,7,cpi_energy_wb,82.6,index,"World Bank Global Inflation Database (Ha, Kose & Ohnsorge)",202010
2020-10-22,1399-08-01,1399,8,cpi_energy_wb,83.5,index,"World Bank Global Inflation Database (Ha, Kose & Ohnsorge)",202011
2020-11-21,1399-09-01,1399,9,cpi_energy_wb,83.9,index,"World Bank Global Inflation Database (Ha, Kose & Ohnsorge)",202012
2020-12-21,1399-10-01,1399,10,cpi_energy_wb,85.6,index,"World Bank Global Inflation Database (Ha, Kose & Ohnsorge)",202101
2021-01-20,1399-11-01,1399,11,cpi_energy_wb,85.6,index,"World Bank Global Inflation Database (Ha, Kose & Ohnsorge)",202102
2021-02-19,1399-12-01,1399,12,cpi_energy_wb,86.9,index,"World Bank Global Inflation Database (Ha, Kose & Ohnsorge)",202103
2021-03-21,1400-01-01,1400,1,cpi_energy_wb,88.4,index,"World Bank Global Inflation Database (Ha, Kose & Ohnsorge)",202104
2021-04-21,1400-02-01,1400,2,cpi_energy_wb,89.3,index,"World Bank Global Inflation Database (Ha, Kose & Ohnsorge)",202105
2021-05-22,1400-03-01,1400,3,cpi_energy_wb,90.4,index,"World Bank Global Inflation Database (Ha, Kose & Ohnsorge)",202106
2021-06-22,1400-04-01,1400,4,cpi_energy_wb,93.7,index,"World Bank Global Inflation Database (Ha, Kose & Ohnsorge)",202107
2021-07-23,1400-05-01,1400,5,cpi_energy_wb,95.7,index,"World Bank Global Inflation Database (Ha, Kose & Ohnsorge)",202108
2021-08-23,1400-06-01,1400,6,cpi_energy_wb,99.4,index,"World Bank Global Inflation Database (Ha, Kose & Ohnsorge)",202109
2021-09-23,1400-07-01,1400,7,cpi_energy_wb,103.0,index,"World Bank Global Inflation Database (Ha, Kose & Ohnsorge)",202110
2021-10-23,1400-08-01,1400,8,cpi_energy_wb,104.5,index,"World Bank Global Inflation Database (Ha, Kose & Ohnsorge)",202111
2021-11-22,1400-09-01,1400,9,cpi_energy_wb,105.6,index,"World Bank Global Inflation Database (Ha, Kose & Ohnsorge)",202112
2021-12-22,1400-10-01,1400,10,cpi_energy_wb,109.3,index,"World Bank Global Inflation Database (Ha, Kose & Ohnsorge)",202201
2022-01-21,1400-11-01,1400,11,cpi_energy_wb,110.0,index,"World Bank Global Inflation Database (Ha, Kose & Ohnsorge)",202202
2022-02-20,1400-12-01,1400,12,cpi_energy_wb,110.7,index,"World Bank Global Inflation Database (Ha, Kose & Ohnsorge)",202203
2022-03-21,1401-01-01,1401,1,cpi_energy_wb,112.8,index,"World Bank Global Inflation Database (Ha, Kose & Ohnsorge)",202204
2022-04-21,1401-02-01,1401,2,cpi_energy_wb,115.2,index,"World Bank Global Inflation Database (Ha, Kose & Ohnsorge)",202205
2022-05-22,1401-03-01,1401,3,cpi_energy_wb,118.0,index,"World Bank Global Inflation Database (Ha, Kose & Ohnsorge)",202206
2022-06-22,1401-04-01,1401,4,cpi_energy_wb,121.8,index,"World Bank Global Inflation Database (Ha, Kose & Ohnsorge)",202207
2022-07-23,1401-05-01,1401,5,cpi_energy_wb,125.2,index,"World Bank Global Inflation Database (Ha, Kose & Ohnsorge)",202208
2022-08-23,1401-06-01,1401,6,cpi_energy_wb,129.2,index,"World Bank Global Inflation Database (Ha, Kose & Ohnsorge)",202209
2022-09-23,1401-07-01,1401,7,cpi_energy_wb,134.1,index,"World Bank Global Inflation Database (Ha, Kose & Ohnsorge)",202210
2022-10-23,1401-08-01,1401,8,cpi_energy_wb,138.8,index,"World Bank Global Inflation Database (Ha, Kose & Ohnsorge)",202211
2022-11-22,1401-09-01,1401,9,cpi_energy_wb,142.8,index,"World Bank Global Inflation Database (Ha, Kose & Ohnsorge)",202212
2022-12-22,1401-10-01,1401,10,cpi_energy_wb,146.4,index,"World Bank Global Inflation Database (Ha, Kose & Ohnsorge)",202301
2023-01-21,1401-11-01,1401,11,cpi_energy_wb,150.3,index,"World Bank Global Inflation Database (Ha, Kose & Ohnsorge)",202302
2023-02-20,1401-12-01,1401,12,cpi_energy_wb,153.4,index,"World Bank Global Inflation Database (Ha, Kose & Ohnsorge)",202303
2023-03-21,1402-01-01,1402,1,cpi_energy_wb,156.8,index,"World Bank Global Inflation Database (Ha, Kose & Ohnsorge)",202304
2023-04-21,1402-02-01,1402,2,cpi_energy_wb,159.3,index,"World Bank Global Inflation Database (Ha, Kose & Ohnsorge)",202305
2023-05-22,1402-03-01,1402,3,cpi_energy_wb,163.5,index,"World Bank Global Inflation Database (Ha, Kose & Ohnsorge)",202306
2023-06-22,1402-04-01,1402,4,cpi_energy_wb,167.1,index,"World Bank Global Inflation Database (Ha, Kose & Ohnsorge)",202307
2023-07-23,1402-05-01,1402,5,cpi_energy_wb,172.6,index,"World Bank Global Inflation Database (Ha, Kose & Ohnsorge)",202308
2023-08-23,1402-06-01,1402,6,cpi_energy_wb,178.4,index,"World Bank Global Inflation Database (Ha, Kose & Ohnsorge)",202309
2023-09-23,1402-07-01,1402,7,cpi_energy_wb,186.1,index,"World Bank Global Inflation Database (Ha, Kose & Ohnsorge)",202310
2023-10-23,1402-08-01,1402,8,cpi_energy_wb,193.5,index,"World Bank Global Inflation Database (Ha, Kose & Ohnsorge)",202311
2023-11-22,1402-09-01,1402,9,cpi_energy_wb,199.9,index,"World Bank Global Inflation Database (Ha, Kose & Ohnsorge)",202312
2023-12-22,1402-10-01,1402,10,cpi_energy_wb,205.8,index,"World Bank Global Inflation Database (Ha, Kose & Ohnsorge)",202401
2024-01-21,1402-11-01,1402,11,cpi_energy_wb,211.5,index,"World Bank Global Inflation Database (Ha, Kose & Ohnsorge)",202402
2024-02-20,1402-12-01,1402,12,cpi_energy_wb,216.6,index,"World Bank Global Inflation Database (Ha, Kose & Ohnsorge)",202403
2024-03-20,1403-01-01,1403,1,cpi_energy_wb,220.6,index,"World Bank Global Inflation Database (Ha, Kose & Ohnsorge)",202404
2024-04-20,1403-02-01,1403,2,cpi_energy_wb,225.9,index,"World Bank Global Inflation Database (Ha, Kose & Ohnsorge)",202405
2024-05-21,1403-03-01,1403,3,cpi_energy_wb,230.9,index,"World Bank Global Inflation Database (Ha, Kose & Ohnsorge)",202406
2024-06-21,1403-04-01,1403,4,cpi_energy_wb,237.4,index,"World Bank Global Inflation Database (Ha, Kose & Ohnsorge)",202407
2024-07-22,1403-05-01,1403,5,cpi_energy_wb,245.3,index,"World Bank Global Inflation Database (Ha, Kose & Ohnsorge)",202408
2024-08-22,1403-06-01,1403,6,cpi_energy_wb,252.4,index,"World Bank Global Inflation Database (Ha, Kose & Ohnsorge)",202409
2024-09-22,1403-07-01,1403,7,cpi_energy_wb,261.1,index,"World Bank Global Inflation Database (Ha, Kose & Ohnsorge)",202410
2024-10-22,1403-08-01,1403,8,cpi_energy_wb,269.0,index,"World Bank Global Inflation Database (Ha, Kose & Ohnsorge)",202411
2024-11-21,1403-09-01,1403,9,cpi_energy_wb,275.8,index,"World Bank Global Inflation Database (Ha, Kose & Ohnsorge)",202412
2024-12-21,1403-10-01,1403,10,cpi_energy_wb,283.8,index,"World Bank Global Inflation Database (Ha, Kose & Ohnsorge)",202501
2025-01-20,1403-11-01,1403,11,cpi_energy_wb,291.1,index,"World Bank Global Inflation Database (Ha, Kose & Ohnsorge)",202502
2025-02-19,1403-12-01,1403,12,cpi_energy_wb,296.9,index,"World Bank Global Inflation Database (Ha, Kose & Ohnsorge)",202503
2004-03-20,1383-01-01,1383,1,cpi_headline_wb,3.82681564245809,index,"World Bank Global Inflation Database (Ha, Kose & Ohnsorge)",200404
2004-04-20,1383-02-01,1383,2,cpi_headline_wb,3.8826815642458,index,"World Bank Global Inflation Database (Ha, Kose & Ohnsorge)",200405
2004-05-21,1383-03-01,1383,3,cpi_headline_wb,3.93854748603351,index,"World Bank Global Inflation Database (Ha, Kose & Ohnsorge)",200406
2004-06-21,1383-04-01,1383,4,cpi_headline_wb,3.99441340782122,index,"World Bank Global Inflation Database (Ha, Kose & Ohnsorge)",200407
2004-07-22,1383-05-01,1383,5,cpi_headline_wb,4.02234636871508,index,"World Bank Global Inflation Database (Ha, Kose & Ohnsorge)",200408
2004-08-22,1383-06-01,1383,6,cpi_headline_wb,4.02234636871508,index,"World Bank Global Inflation Database (Ha, Kose & Ohnsorge)",200409
2004-09-22,1383-07-01,1383,7,cpi_headline_wb,4.07821229050279,index,"World Bank Global Inflation Database (Ha, Kose & Ohnsorge)",200410
2004-10-22,1383-08-01,1383,8,cpi_headline_wb,4.10614525139664,index,"World Bank Global Inflation Database (Ha, Kose & Ohnsorge)",200411
2004-11-21,1383-09-01,1383,9,cpi_headline_wb,4.1340782122905,index,"World Bank Global Inflation Database (Ha, Kose & Ohnsorge)",200412
2004-12-21,1383-10-01,1383,10,cpi_headline_wb,4.18994413407821,index,"World Bank Global Inflation Database (Ha, Kose & Ohnsorge)",200501
2005-01-20,1383-11-01,1383,11,cpi_headline_wb,4.24581005586591,index,"World Bank Global Inflation Database (Ha, Kose & Ohnsorge)",200502
2005-02-19,1383-12-01,1383,12,cpi_headline_wb,4.32960893854748,index,"World Bank Global Inflation Database (Ha, Kose & Ohnsorge)",200503
2005-03-21,1384-01-01,1384,1,cpi_headline_wb,4.46927374301675,index,"World Bank Global Inflation Database (Ha, Kose & Ohnsorge)",200504
2005-04-21,1384-02-01,1384,2,cpi_headline_wb,4.4413407821229,index,"World Bank Global Inflation Database (Ha, Kose & Ohnsorge)",200505
2005-05-22,1384-03-01,1384,3,cpi_headline_wb,4.41340782122904,index,"World Bank Global Inflation Database (Ha, Kose & Ohnsorge)",200506
2005-06-22,1384-04-01,1384,4,cpi_headline_wb,4.38547486033519,index,"World Bank Global Inflation Database (Ha, Kose & Ohnsorge)",200507
2005-07-23,1384-05-01,1384,5,cpi_headline_wb,4.38547486033519,index,"World Bank Global Inflation Database (Ha, Kose & Ohnsorge)",200508
2005-08-23,1384-06-01,1384,6,cpi_headline_wb,4.41340782122904,index,"World Bank Global Inflation Database (Ha, Kose & Ohnsorge)",200509
2005-09-23,1384-07-01,1384,7,cpi_headline_wb,4.4413407821229,index,"World Bank Global Inflation Database (Ha, Kose & Ohnsorge)",200510
2005-10-23,1384-08-01,1384,8,cpi_headline_wb,4.46927374301675,index,"World Bank Global Inflation Database (Ha, Kose & Ohnsorge)",200511
2005-11-22,1384-09-01,1384,9,cpi_headline_wb,4.52513966480446,index,"World Bank Global Inflation Database (Ha, Kose & Ohnsorge)",200512
2005-12-22,1384-10-01,1384,10,cpi_headline_wb,4.55307262569832,index,"World Bank Global Inflation Database (Ha, Kose & Ohnsorge)",200601
2006-01-21,1384-11-01,1384,11,cpi_headline_wb,4.60893854748603,index,"World Bank Global Inflation Database (Ha, Kose & Ohnsorge)",200602
2006-02-20,1384-12-01,1384,12,cpi_headline_wb,4.66480446927373,index,"World Bank Global Inflation Database (Ha, Kose & Ohnsorge)",200603
2006-03-21,1385-01-01,1385,1,cpi_headline_wb,4.72067039106144,index,"World Bank Global Inflation Database (Ha, Kose & Ohnsorge)",200604
2006-04-21,1385-02-01,1385,2,cpi_headline_wb,4.7486033519553,index,"World Bank Global Inflation Database (Ha, Kose & Ohnsorge)",200605
2006-05-22,1385-03-01,1385,3,cpi_headline_wb,4.83240223463686,index,"World Bank Global Inflation Database (Ha, Kose & Ohnsorge)",200606
2006-06-22,1385-04-01,1385,4,cpi_headline_wb,4.83240223463686,index,"World Bank Global Inflation Database (Ha, Kose & Ohnsorge)",200607
2006-07-23,1385-05-01,1385,5,cpi_headline_wb,4.86033519553072,index,"World Bank Global Inflation Database (Ha, Kose & Ohnsorge)",200608
2006-08-23,1385-06-01,1385,6,cpi_headline_wb,4.94413407821228,index,"World Bank Global Inflation Database (Ha, Kose & Ohnsorge)",200609
2006-09-23,1385-07-01,1385,7,cpi_headline_wb,4.99999999999999,index,"World Bank Global Inflation Database (Ha, Kose & Ohnsorge)",200610
2006-10-23,1385-08-01,1385,8,cpi_headline_wb,5.0558659217877,index,"World Bank Global Inflation Database (Ha, Kose & Ohnsorge)",200611
2006-11-22,1385-09-01,1385,9,cpi_headline_wb,5.16759776536312,index,"World Bank Global Inflation Database (Ha, Kose & Ohnsorge)",200612
2006-12-22,1385-10-01,1385,10,cpi_headline_wb,5.27932960893854,index,"World Bank Global Inflation Database (Ha, Kose & Ohnsorge)",200701
2007-01-21,1385-11-01,1385,11,cpi_headline_wb,5.3631284916201,index,"World Bank Global Inflation Database (Ha, Kose & Ohnsorge)",200702
2007-02-20,1385-12-01,1385,12,cpi_headline_wb,5.41899441340781,index,"World Bank Global Inflation Database (Ha, Kose & Ohnsorge)",200703
2007-03-21,1386-01-01,1386,1,cpi_headline_wb,5.50279329608938,index,"World Bank Global Inflation Database (Ha, Kose & Ohnsorge)",200704
2007-04-21,1386-02-01,1386,2,cpi_headline_wb,5.53072625698323,index,"World Bank Global Inflation Database (Ha, Kose & Ohnsorge)",200705
2007-05-22,1386-03-01,1386,3,cpi_headline_wb,5.61452513966479,index,"World Bank Global Inflation Database (Ha, Kose & Ohnsorge)",200706
2007-06-22,1386-04-01,1386,4,cpi_headline_wb,5.64245810055865,index,"World Bank Global Inflation Database (Ha, Kose & Ohnsorge)",200707
2007-07-23,1386-05-01,1386,5,cpi_headline_wb,5.69832402234636,index,"World Bank Global Inflation Database (Ha, Kose & Ohnsorge)",200708
2007-08-23,1386-06-01,1386,6,cpi_headline_wb,5.83798882681563,index,"World Bank Global Inflation Database (Ha, Kose & Ohnsorge)",200709
2007-09-23,1386-07-01,1386,7,cpi_headline_wb,5.9217877094972,index,"World Bank Global Inflation Database (Ha, Kose & Ohnsorge)",200710
2007-10-23,1386-08-01,1386,8,cpi_headline_wb,6.03351955307262,index,"World Bank Global Inflation Database (Ha, Kose & Ohnsorge)",200711
2007-11-22,1386-09-01,1386,9,cpi_headline_wb,6.20111731843574,index,"World Bank Global Inflation Database (Ha, Kose & Ohnsorge)",200712
2007-12-22,1386-10-01,1386,10,cpi_headline_wb,6.28491620111731,index,"World Bank Global Inflation Database (Ha, Kose & Ohnsorge)",200801
2008-01-21,1386-11-01,1386,11,cpi_headline_wb,6.42458100558658,index,"World Bank Global Inflation Database (Ha, Kose & Ohnsorge)",200802
2008-02-20,1386-12-01,1386,12,cpi_headline_wb,6.62011173184356,index,"World Bank Global Inflation Database (Ha, Kose & Ohnsorge)",200803
2008-03-20,1387-01-01,1387,1,cpi_headline_wb,6.81564245810055,index,"World Bank Global Inflation Database (Ha, Kose & Ohnsorge)",200804
2008-04-20,1387-02-01,1387,2,cpi_headline_wb,6.92737430167597,index,"World Bank Global Inflation Database (Ha, Kose & Ohnsorge)",200805
2008-05-21,1387-03-01,1387,3,cpi_headline_wb,7.09497206703909,index,"World Bank Global Inflation Database (Ha, Kose & Ohnsorge)",200806
2008-06-21,1387-04-01,1387,4,cpi_headline_wb,7.12290502793295,index,"World Bank Global Inflation Database (Ha, Kose & Ohnsorge)",200807
2008-07-22,1387-05-01,1387,5,cpi_headline_wb,7.26256983240222,index,"World Bank Global Inflation Database (Ha, Kose & Ohnsorge)",200808
2008-08-22,1387-06-01,1387,6,cpi_headline_wb,7.54189944134077,index,"World Bank Global Inflation Database (Ha, Kose & Ohnsorge)",200809
2008-09-22,1387-07-01,1387,7,cpi_headline_wb,7.68156424581004,index,"World Bank Global Inflation Database (Ha, Kose & Ohnsorge)",200810
2008-10-22,1387-08-01,1387,8,cpi_headline_wb,7.73743016759775,index,"World Bank Global Inflation Database (Ha, Kose & Ohnsorge)",200811
2008-11-21,1387-09-01,1387,9,cpi_headline_wb,7.82122905027932,index,"World Bank Global Inflation Database (Ha, Kose & Ohnsorge)",200812
2008-12-21,1387-10-01,1387,10,cpi_headline_wb,7.79329608938546,index,"World Bank Global Inflation Database (Ha, Kose & Ohnsorge)",200901
2009-01-20,1387-11-01,1387,11,cpi_headline_wb,7.76536312849161,index,"World Bank Global Inflation Database (Ha, Kose & Ohnsorge)",200902
2009-02-19,1387-12-01,1387,12,cpi_headline_wb,7.79329608938546,index,"World Bank Global Inflation Database (Ha, Kose & Ohnsorge)",200903
2009-03-21,1388-01-01,1388,1,cpi_headline_wb,7.87709497206702,index,"World Bank Global Inflation Database (Ha, Kose & Ohnsorge)",200904
2009-04-21,1388-02-01,1388,2,cpi_headline_wb,7.98882681564244,index,"World Bank Global Inflation Database (Ha, Kose & Ohnsorge)",200905
2009-05-22,1388-03-01,1388,3,cpi_headline_wb,8.12849162011172,index,"World Bank Global Inflation Database (Ha, Kose & Ohnsorge)",200906
2009-06-22,1388-04-01,1388,4,cpi_headline_wb,8.12849162011172,index,"World Bank Global Inflation Database (Ha, Kose & Ohnsorge)",200907
2009-07-23,1388-05-01,1388,5,cpi_headline_wb,8.21229050279328,index,"World Bank Global Inflation Database (Ha, Kose & Ohnsorge)",200908
2009-08-23,1388-06-01,1388,6,cpi_headline_wb,8.24022346368714,index,"World Bank Global Inflation Database (Ha, Kose & Ohnsorge)",200909
2009-09-23,1388-07-01,1388,7,cpi_headline_wb,8.26815642458099,index,"World Bank Global Inflation Database (Ha, Kose & Ohnsorge)",200910
2009-10-23,1388-08-01,1388,8,cpi_headline_wb,8.29608938547485,index,"World Bank Global Inflation Database (Ha, Kose & Ohnsorge)",200911
2009-11-22,1388-09-01,1388,9,cpi_headline_wb,8.40782122905027,index,"World Bank Global Inflation Database (Ha, Kose & Ohnsorge)",200912
2009-12-22,1388-10-01,1388,10,cpi_headline_wb,8.40782122905027,index,"World Bank Global Inflation Database (Ha, Kose & Ohnsorge)",201001
2010-01-21,1388-11-01,1388,11,cpi_headline_wb,8.46368715083797,index,"World Bank Global Inflation Database (Ha, Kose & Ohnsorge)",201002
2010-02-20,1388-12-01,1388,12,cpi_headline_wb,8.60335195530725,index,"World Bank Global Inflation Database (Ha, Kose & Ohnsorge)",201003
2010-03-21,1389-01-01,1389,1,cpi_headline_wb,8.68715083798881,index,"World Bank Global Inflation Database (Ha, Kose & Ohnsorge)",201004
2010-04-21,1389-02-01,1389,2,cpi_headline_wb,8.71508379888267,index,"World Bank Global Inflation Database (Ha, Kose & Ohnsorge)",201005
2010-05-22,1389-03-01,1389,3,cpi_headline_wb,8.79888268156423,index,"World Bank Global Inflation Database (Ha, Kose & Ohnsorge)",201006
2010-06-22,1389-04-01,1389,4,cpi_headline_wb,8.88268156424579,index,"World Bank Global Inflation Database (Ha, Kose & Ohnsorge)",201007
2010-07-23,1389-05-01,1389,5,cpi_headline_wb,8.99441340782121,index,"World Bank Global Inflation Database (Ha, Kose & Ohnsorge)",201008
2010-08-23,1389-06-01,1389,6,cpi_headline_wb,9.07821229050278,index,"World Bank Global Inflation Database (Ha, Kose & Ohnsorge)",201009
2010-09-23,1389-07-01,1389,7,cpi_headline_wb,9.24581005586591,index,"World Bank Global Inflation Database (Ha, Kose & Ohnsorge)",201010
2010-10-23,1389-08-01,1389,8,cpi_headline_wb,9.32960893854747,index,"World Bank Global Inflation Database (Ha, Kose & Ohnsorge)",201011
2010-11-22,1389-09-01,1389,9,cpi_headline_wb,9.46927374301674,index,"World Bank Global Inflation Database (Ha, Kose & Ohnsorge)",201012
2010-12-22,1389-10-01,1389,10,cpi_headline_wb,9.72067039106144,index,"World Bank Global Inflation Database (Ha, Kose & Ohnsorge)",201101
2011-01-21,1389-11-01,1389,11,cpi_headline_wb,9.97206703910613,index,"World Bank Global Inflation Database (Ha, Kose & Ohnsorge)",201102
2011-02-20,1389-12-01,1389,12,cpi_headline_wb,10.3072625698324,index,"World Bank Global Inflation Database (Ha, Kose & Ohnsorge)",201103
2011-03-21,1390-01-01,1390,1,cpi_headline_wb,10.7373813429262,index,"World Bank Global Inflation Database (Ha, Kose & Ohnsorge)",201104
2011-04-21,1390-02-01,1390,2,cpi_headline_wb,11.0331519377905,index,"World Bank Global Inflation Database (Ha, Kose & Ohnsorge)",201105
2011-05-22,1390-03-01,1390,3,cpi_headline_wb,11.2304591825487,index,"World Bank Global Inflation Database (Ha, Kose & Ohnsorge)",201106
2011-06-22,1390-04-01,1390,4,cpi_headline_wb,11.4380755020998,index,"World Bank Global Inflation Database (Ha, Kose & Ohnsorge)",201107
2011-07-23,1390-05-01,1390,5,cpi_headline_wb,11.6953317624772,index,"World Bank Global Inflation Database (Ha, Kose & Ohnsorge)",201108
2011-08-23,1390-06-01,1390,6,cpi_headline_wb,11.8855513868464,index,"World Bank Global Inflation Database (Ha, Kose & Ohnsorge)",201109
2011-09-23,1390-07-01,1390,7,cpi_headline_wb,12.0843876852108,index,"World Bank Global Inflation Database (Ha, Kose & Ohnsorge)",201110
2011-10-23,1390-08-01,1390,8,cpi_headline_wb,12.2197539184319,index,"World Bank Global Inflation Database (Ha, Kose & Ohnsorge)",201111
2011-11-22,1390-09-01,1390,9,cpi_headline_wb,12.4006111611304,index,"World Bank Global Inflation Database (Ha, Kose & Ohnsorge)",201112
2011-12-22,1390-10-01,1390,10,cpi_headline_wb,12.5764130950886,index,"World Bank Global Inflation Database (Ha, Kose & Ohnsorge)",201201
2012-01-21,1390-11-01,1390,11,cpi_headline_wb,12.8536199279776,index,"World Bank Global Inflation Database (Ha, Kose & Ohnsorge)",201202
2012-02-20,1390-12-01,1390,12,cpi_headline_wb,13.1470415474858,index,"World Bank Global Inflation Database (Ha, Kose & Ohnsorge)",201203
2012-03-20,1391-01-01,1391,1,cpi_headline_wb,13.3930029095529,index,"World Bank Global Inflation Database (Ha, Kose & Ohnsorge)",201204
2012-04-20,1391-02-01,1391,2,cpi_headline_wb,13.5963605453118,index,"World Bank Global Inflation Database (Ha, Kose & Ohnsorge)",201205
2012-05-21,1391-03-01,1391,3,cpi_headline_wb,13.7131558490339,index,"World Bank Global Inflation Database (Ha, Kose & Ohnsorge)",201206
2012-06-21,1391-04-01,1391,4,cpi_headline_wb,14.2645354312971,index,"World Bank Global Inflation Database (Ha, Kose & Ohnsorge)",201207
2012-07-22,1391-05-01,1391,5,cpi_headline_wb,14.5950275588039,index,"World Bank Global Inflation Database (Ha, Kose & Ohnsorge)",201208
2012-08-22,1391-06-01,1391,6,cpi_headline_wb,14.9066467815623,index,"World Bank Global Inflation Database (Ha, Kose & Ohnsorge)",201209
2012-09-22,1391-07-01,1391,7,cpi_headline_wb,15.6713952807168,index,"World Bank Global Inflation Database (Ha, Kose & Ohnsorge)",201210
2012-10-22,1391-08-01,1391,8,cpi_headline_wb,16.2452219582776,index,"World Bank Global Inflation Database (Ha, Kose & Ohnsorge)",201211
2012-11-21,1391-09-01,1391,9,cpi_headline_wb,16.4839432241342,index,"World Bank Global Inflation Database (Ha, Kose & Ohnsorge)",201212
2012-12-21,1391-10-01,1391,10,cpi_headline_wb,16.8431473608649,index,"World Bank Global Inflation Database (Ha, Kose & Ohnsorge)",201301
2013-01-20,1391-11-01,1391,11,cpi_headline_wb,17.6404129917385,index,"World Bank Global Inflation Database (Ha, Kose & Ohnsorge)",201302
2013-02-19,1391-12-01,1391,12,cpi_headline_wb,18.1526003499499,index,"World Bank Global Inflation Database (Ha, Kose & Ohnsorge)",201303
2013-03-21,1392-01-01,1392,1,cpi_headline_wb,18.7610564694436,index,"World Bank Global Inflation Database (Ha, Kose & Ohnsorge)",201304
2013-04-21,1392-02-01,1392,2,cpi_headline_wb,18.9696933044986,index,"World Bank Global Inflation Database (Ha, Kose & Ohnsorge)",201305
2013-05-22,1392-03-01,1392,3,cpi_headline_wb,19.5249373296054,index,"World Bank Global Inflation Database (Ha, Kose & Ohnsorge)",201306
2013-06-22,1392-04-01,1392,4,cpi_headline_wb,19.9856926044366,index,"World Bank Global Inflation Database (Ha, Kose & Ohnsorge)",201307
2013-07-23,1392-05-01,1392,5,cpi_headline_wb,20.3462432625902,index,"World Bank Global Inflation Database (Ha, Kose & Ohnsorge)",201308
2013-08-23,1392-06-01,1392,6,cpi_headline_wb,20.5978716444431,index,"World Bank Global Inflation Database (Ha, Kose & Ohnsorge)",201309
2013-09-23,1392-07-01,1392,7,cpi_headline_wb,20.8846013185664,index,"World Bank Global Inflation Database (Ha, Kose & Ohnsorge)",201310
2013-10-23,1392-08-01,1392,8,cpi_headline_wb,21.1939814594221,index,"World Bank Global Inflation Database (Ha, Kose & Ohnsorge)",201311
2013-11-22,1392-09-01,1392,9,cpi_headline_wb,21.3006995647995,index,"World Bank Global Inflation Database (Ha, Kose & Ohnsorge)",201312
2013-12-22,1392-10-01,1392,10,cpi_headline_wb,21.539980159548,index,"World Bank Global Inflation Database (Ha, Kose & Ohnsorge)",201401
2014-01-21,1392-11-01,1392,11,cpi_headline_wb,21.5555488002279,index,"World Bank Global Inflation Database (Ha, Kose & Ohnsorge)",201402
2014-02-20,1392-12-01,1392,12,cpi_headline_wb,21.7177320971119,index,"World Bank Global Inflation Database (Ha, Kose & Ohnsorge)",201403
2014-03-21,1393-01-01,1393,1,cpi_headline_wb,22.0296470097665,index,"World Bank Global Inflation Database (Ha, Kose & Ohnsorge)",201404
2014-04-21,1393-02-01,1393,2,cpi_headline_wb,22.188945899975,index,"World Bank Global Inflation Database (Ha, Kose & Ohnsorge)",201405
2014-05-22,1393-03-01,1393,3,cpi_headline_wb,22.3462883676438,index,"World Bank Global Inflation Database (Ha, Kose & Ohnsorge)",201406
2014-06-22,1393-04-01,1393,4,cpi_headline_wb,22.8924038122634,index,"World Bank Global Inflation Database (Ha, Kose & Ohnsorge)",201407
2014-07-23,1393-05-01,1393,5,cpi_headline_wb,23.2518326073386,index,"World Bank Global Inflation Database (Ha, Kose & Ohnsorge)",201408
2014-08-23,1393-06-01,1393,6,cpi_headline_wb,23.4442791967631,index,"World Bank Global Inflation Database (Ha, Kose & Ohnsorge)",201409
2014-09-23,1393-07-01,1393,7,cpi_headline_wb,23.7415081060264,index,"World Bank Global Inflation Database (Ha, Kose & Ohnsorge)",201410
2014-10-23,1393-08-01,1393,8,cpi_headline_wb,23.9492789746303,index,"World Bank Global Inflation Database (Ha, Kose & Ohnsorge)",201411
2014-11-22,1393-09-01,1393,9,cpi_headline_wb,24.4361960202449,index,"World Bank Global Inflation Database (Ha, Kose & Ohnsorge)",201412
2014-12-22,1393-10-01,1393,10,cpi_headline_wb,24.6184521721239,index,"World Bank Global Inflation Database (Ha, Kose & Ohnsorge)",201501
2015-01-21,1393-11-01,1393,11,cpi_headline_wb,24.6324040393834,index,"World Bank Global Inflation Database (Ha, Kose & Ohnsorge)",201502
2015-02-20,1393-12-01,1393,12,cpi_headline_wb,24.7687939421155,index,"World Bank Global Inflation Database (Ha, Kose & Ohnsorge)",201503
2015-03-21,1394-01-01,1394,1,cpi_headline_wb,25.0714032675661,index,"World Bank Global Inflation Database (Ha, Kose & Ohnsorge)",201504
2015-04-21,1394-02-01,1394,2,cpi_headline_wb,25.2072741547612,index,"World Bank Global Inflation Database (Ha, Kose & Ohnsorge)",201505
2015-05-22,1394-03-01,1394,3,cpi_headline_wb,25.4947047177509,index,"World Bank Global Inflation Database (Ha, Kose & Ohnsorge)",201506
2015-06-22,1394-04-01,1394,4,cpi_headline_wb,25.8014351116597,index,"World Bank Global Inflation Database (Ha, Kose & Ohnsorge)",201507
2015-07-23,1394-05-01,1394,5,cpi_headline_wb,25.9306938186408,index,"World Bank Global Inflation Database (Ha, Kose & Ohnsorge)",201508
2015-08-23,1394-06-01,1394,6,cpi_headline_wb,26.1255330868221,index,"World Bank Global Inflation Database (Ha, Kose & Ohnsorge)",201509
2015-09-23,1394-07-01,1394,7,cpi_headline_wb,26.2918399543281,index,"World Bank Global Inflation Database (Ha, Kose & Ohnsorge)",201510
2015-10-23,1394-08-01,1394,8,cpi_headline_wb,26.452558370404,index,"World Bank Global Inflation Database (Ha, Kose & Ohnsorge)",201511
2015-11-22,1394-09-01,1394,9,cpi_headline_wb,26.7934198650279,index,"World Bank Global Inflation Database (Ha, Kose & Ohnsorge)",201512
2015-12-22,1394-10-01,1394,10,cpi_headline_wb,26.8855227190553,index,"World Bank Global Inflation Database (Ha, Kose & Ohnsorge)",201601
2016-01-21,1394-11-01,1394,11,cpi_headline_wb,26.7924631665547,index,"World Bank Global Inflation Database (Ha, Kose & Ohnsorge)",201602
2016-02-20,1394-12-01,1394,12,cpi_headline_wb,26.8445339707145,index,"World Bank Global Inflation Database (Ha, Kose & Ohnsorge)",201603
2016-03-20,1395-01-01,1395,1,cpi_headline_wb,27.0174037396079,index,"World Bank Global Inflation Database (Ha, Kose & Ohnsorge)",201604
2016-04-20,1395-02-01,1395,2,cpi_headline_wb,27.0420913023092,index,"World Bank Global Inflation Database (Ha, Kose & Ohnsorge)",201605
2016-05-21,1395-03-01,1395,3,cpi_headline_wb,27.224659154396,index,"World Bank Global Inflation Database (Ha, Kose & Ohnsorge)",201606
2016-06-21,1395-04-01,1395,4,cpi_headline_wb,27.516269549415,index,"World Bank Global Inflation Database (Ha, Kose & Ohnsorge)",201607
2016-07-22,1395-05-01,1395,5,cpi_headline_wb,27.797494708417,index,"World Bank Global Inflation Database (Ha, Kose & Ohnsorge)",201608
2016-08-22,1395-06-01,1395,6,cpi_headline_wb,27.8900150980066,index,"World Bank Global Inflation Database (Ha, Kose & Ohnsorge)",201609
2016-09-22,1395-07-01,1395,7,cpi_headline_wb,28.0251283235164,index,"World Bank Global Inflation Database (Ha, Kose & Ohnsorge)",201610
2016-10-22,1395-08-01,1395,8,cpi_headline_wb,28.095315482579,index,"World Bank Global Inflation Database (Ha, Kose & Ohnsorge)",201611
2016-11-21,1395-09-01,1395,9,cpi_headline_wb,28.3147300716368,index,"World Bank Global Inflation Database (Ha, Kose & Ohnsorge)",201612
2016-12-21,1395-10-01,1395,10,cpi_headline_wb,28.5456033719715,index,"World Bank Global Inflation Database (Ha, Kose & Ohnsorge)",201701
2017-01-20,1395-11-01,1395,11,cpi_headline_wb,28.6870989296332,index,"World Bank Global Inflation Database (Ha, Kose & Ohnsorge)",201702
2017-02-19,1395-12-01,1395,12,cpi_headline_wb,29.0397209947678,index,"World Bank Global Inflation Database (Ha, Kose & Ohnsorge)",201703
2017-03-21,1396-01-01,1396,1,cpi_headline_wb,29.457282095472,index,"World Bank Global Inflation Database (Ha, Kose & Ohnsorge)",201704
2017-04-21,1396-02-01,1396,2,cpi_headline_wb,29.4239114369217,index,"World Bank Global Inflation Database (Ha, Kose & Ohnsorge)",201705
2017-05-22,1396-03-01,1396,3,cpi_headline_wb,29.4729416179634,index,"World Bank Global Inflation Database (Ha, Kose & Ohnsorge)",201706
2017-06-22,1396-04-01,1396,4,cpi_headline_wb,29.7814196705106,index,"World Bank Global Inflation Database (Ha, Kose & Ohnsorge)",201707
2017-07-23,1396-05-01,1396,5,cpi_headline_wb,29.8966365497491,index,"World Bank Global Inflation Database (Ha, Kose & Ohnsorge)",201708
2017-08-23,1396-06-01,1396,6,cpi_headline_wb,29.9005269652963,index,"World Bank Global Inflation Database (Ha, Kose & Ohnsorge)",201709
2017-09-23,1396-07-01,1396,7,cpi_headline_wb,30.2975723284748,index,"World Bank Global Inflation Database (Ha, Kose & Ohnsorge)",201710
2017-10-23,1396-08-01,1396,8,cpi_headline_wb,30.6089053768251,index,"World Bank Global Inflation Database (Ha, Kose & Ohnsorge)",201711
2017-11-22,1396-09-01,1396,9,cpi_headline_wb,30.8376595258231,index,"World Bank Global Inflation Database (Ha, Kose & Ohnsorge)",201712
2017-12-22,1396-10-01,1396,10,cpi_headline_wb,30.9652020215217,index,"World Bank Global Inflation Database (Ha, Kose & Ohnsorge)",201801
2018-01-21,1396-11-01,1396,11,cpi_headline_wb,31.0482173929541,index,"World Bank Global Inflation Database (Ha, Kose & Ohnsorge)",201802
2018-02-20,1396-12-01,1396,12,cpi_headline_wb,31.1168226757692,index,"World Bank Global Inflation Database (Ha, Kose & Ohnsorge)",201803
2018-03-21,1397-01-01,1397,1,cpi_headline_wb,31.5300505029804,index,"World Bank Global Inflation Database (Ha, Kose & Ohnsorge)",201804
2018-04-21,1397-02-01,1397,2,cpi_headline_wb,31.8707422910189,index,"World Bank Global Inflation Database (Ha, Kose & Ohnsorge)",201805
2018-05-22,1397-03-01,1397,3,cpi_headline_wb,32.4648630174472,index,"World Bank Global Inflation Database (Ha, Kose & Ohnsorge)",201806
2018-06-22,1397-04-01,1397,4,cpi_headline_wb,33.9018543180011,index,"World Bank Global Inflation Database (Ha, Kose & Ohnsorge)",201807
2018-07-23,1397-05-01,1397,5,cpi_headline_wb,35.6714753940469,index,"World Bank Global Inflation Database (Ha, Kose & Ohnsorge)",201808
2018-08-23,1397-06-01,1397,6,cpi_headline_wb,37.5940481467402,index,"World Bank Global Inflation Database (Ha, Kose & Ohnsorge)",201809
2018-09-23,1397-07-01,1397,7,cpi_headline_wb,40.2445508088117,index,"World Bank Global Inflation Database (Ha, Kose & Ohnsorge)",201810
2018-10-23,1397-08-01,1397,8,cpi_headline_wb,41.2981672183365,index,"World Bank Global Inflation Database (Ha, Kose & Ohnsorge)",201811
2018-11-22,1397-09-01,1397,9,cpi_headline_wb,42.3644093906005,index,"World Bank Global Inflation Database (Ha, Kose & Ohnsorge)",201812
2018-12-22,1397-10-01,1397,10,cpi_headline_wb,43.2207125943304,index,"World Bank Global Inflation Database (Ha, Kose & Ohnsorge)",201901
2019-01-21,1397-11-01,1397,11,cpi_headline_wb,44.1668325314675,index,"World Bank Global Inflation Database (Ha, Kose & Ohnsorge)",201902
2019-02-20,1397-12-01,1397,12,cpi_headline_wb,45.8938547486033,index,"World Bank Global Inflation Database (Ha, Kose & Ohnsorge)",201903
2019-03-21,1398-01-01,1398,1,cpi_headline_wb,47.7374301675977,index,"World Bank Global Inflation Database (Ha, Kose & Ohnsorge)",201904
2019-04-21,1398-02-01,1398,2,cpi_headline_wb,48.4636871508379,index,"World Bank Global Inflation Database (Ha, Kose & Ohnsorge)",201905
2019-05-22,1398-03-01,1398,3,cpi_headline_wb,48.8413585577536,index,"World Bank Global Inflation Database (Ha, Kose & Ohnsorge)",201906
2019-06-22,1398-04-01,1398,4,cpi_headline_wb,50.1955307262569,index,"World Bank Global Inflation Database (Ha, Kose & Ohnsorge)",201907
2019-07-23,1398-05-01,1398,5,cpi_headline_wb,50.1955307262569,index,"World Bank Global Inflation Database (Ha, Kose & Ohnsorge)",201908
2019-08-23,1398-06-01,1398,6,cpi_headline_wb,50.754189944134,index,"World Bank Global Inflation Database (Ha, Kose & Ohnsorge)",201909
2019-09-23,1398-07-01,1398,7,cpi_headline_wb,51.6480446927373,index,"World Bank Global Inflation Database (Ha, Kose & Ohnsorge)",201910
2019-10-23,1398-08-01,1398,8,cpi_headline_wb,52.4581005586591,index,"World Bank Global Inflation Database (Ha, Kose & Ohnsorge)",201911
2019-11-22,1398-09-01,1398,9,cpi_headline_wb,54.1340782122904,index,"World Bank Global Inflation Database (Ha, Kose & Ohnsorge)",201912
2019-12-22,1398-10-01,1398,10,cpi_headline_wb,54.5810055865921,index,"World Bank Global Inflation Database (Ha, Kose & Ohnsorge)",202001
2020-01-21,1398-11-01,1398,11,cpi_headline_wb,55.1955307262569,index,"World Bank Global Inflation Database (Ha, Kose & Ohnsorge)",202002
2020-02-20,1398-12-01,1398,12,cpi_headline_wb,56.0055865921787,index,"World Bank Global Inflation Database (Ha, Kose & Ohnsorge)",202003
2020-03-20,1399-01-01,1399,1,cpi_headline_wb,57.2067039106144,index,"World Bank Global Inflation Database (Ha, Kose & Ohnsorge)",202004
2020-04-20,1399-02-01,1399,2,cpi_headline_wb,58.6592178770949,index,"World Bank Global Inflation Database (Ha, Kose & Ohnsorge)",202005
2020-05-21,1399-03-01,1399,3,cpi_headline_wb,59.8324022346368,index,"World Bank Global Inflation Database (Ha, Kose & Ohnsorge)",202006
2020-06-21,1399-04-01,1399,4,cpi_headline_wb,63.6592178770949,index,"World Bank Global Inflation Database (Ha, Kose & Ohnsorge)",202007
2020-07-22,1399-05-01,1399,5,cpi_headline_wb,65.8938547486032,index,"World Bank Global Inflation Database (Ha, Kose & Ohnsorge)",202008
2020-08-22,1399-06-01,1399,6,cpi_headline_wb,68.240223463687,index,"World Bank Global Inflation Database (Ha, Kose & Ohnsorge)",202009
2020-09-22,1399-07-01,1399,7,cpi_headline_wb,73.04469273743,index,"World Bank Global Inflation Database (Ha, Kose & Ohnsorge)",202010
2020-10-22,1399-08-01,1399,8,cpi_headline_wb,76.8156424581004,index,"World Bank Global Inflation Database (Ha, Kose & Ohnsorge)",202011
2020-11-21,1399-09-01,1399,9,cpi_headline_wb,78.3798882681563,index,"World Bank Global Inflation Database (Ha, Kose & Ohnsorge)",202012
2020-12-21,1399-10-01,1399,10,cpi_headline_wb,79.8044692737429,index,"World Bank Global Inflation Database (Ha, Kose & Ohnsorge)",202101
2021-01-20,1399-11-01,1399,11,cpi_headline_wb,81.7877094972066,index,"World Bank Global Inflation Database (Ha, Kose & Ohnsorge)",202102
2021-02-19,1399-12-01,1399,12,cpi_headline_wb,83.2681564245809,index,"World Bank Global Inflation Database (Ha, Kose & Ohnsorge)",202103
2021-03-21,1400-01-01,1400,1,cpi_headline_wb,85.5027932960892,index,"World Bank Global Inflation Database (Ha, Kose & Ohnsorge)",202104
2021-04-21,1400-02-01,1400,2,cpi_headline_wb,86.1452513966479,index,"World Bank Global Inflation Database (Ha, Kose & Ohnsorge)",202105
2021-05-22,1400-03-01,1400,3,cpi_headline_wb,88.3240223463686,index,"World Bank Global Inflation Database (Ha, Kose & Ohnsorge)",202106
2021-06-22,1400-04-01,1400,4,cpi_headline_wb,91.4525139664803,index,"World Bank Global Inflation Database (Ha, Kose & Ohnsorge)",202107
2021-07-23,1400-05-01,1400,5,cpi_headline_wb,94.3575418994412,index,"World Bank Global Inflation Database (Ha, Kose & Ohnsorge)",202108
2021-08-23,1400-06-01,1400,6,cpi_headline_wb,98.0726256983238,index,"World Bank Global Inflation Database (Ha, Kose & Ohnsorge)",202109
2021-09-23,1400-07-01,1400,7,cpi_headline_wb,101.703910614525,index,"World Bank Global Inflation Database (Ha, Kose & Ohnsorge)",202110
2021-10-23,1400-08-01,1400,8,cpi_headline_wb,104.189944134078,index,"World Bank Global Inflation Database (Ha, Kose & Ohnsorge)",202111
2021-11-22,1400-09-01,1400,9,cpi_headline_wb,105.921787709497,index,"World Bank Global Inflation Database (Ha, Kose & Ohnsorge)",202112
2021-12-22,1400-10-01,1400,10,cpi_headline_wb,108.435754189944,index,"World Bank Global Inflation Database (Ha, Kose & Ohnsorge)",202201
2022-01-21,1400-11-01,1400,11,cpi_headline_wb,110.72625698324,index,"World Bank Global Inflation Database (Ha, Kose & Ohnsorge)",202202
2022-02-20,1400-12-01,1400,12,cpi_headline_wb,112.150837988827,index,"World Bank Global Inflation Database (Ha, Kose & Ohnsorge)",202203
2022-03-21,1401-01-01,1401,1,cpi_headline_wb,115.921787709497,index,"World Bank Global Inflation Database (Ha, Kose & Ohnsorge)",202204
2022-04-21,1401-02-01,1401,2,cpi_headline_wb,120.0,index,"World Bank Global Inflation Database (Ha, Kose & Ohnsorge)",202205
2022-05-22,1401-03-01,1401,3,cpi_headline_wb,132.7,index,"World Bank Global Inflation Database (Ha, Kose & Ohnsorge)",202206
2022-06-22,1401-04-01,1401,4,cpi_headline_wb,138.5,index,"World Bank Global Inflation Database (Ha, Kose & Ohnsorge)",202207
2022-07-23,1401-05-01,1401,5,cpi_headline_wb,141.5,index,"World Bank Global Inflation Database (Ha, Kose & Ohnsorge)",202208
2022-08-23,1401-06-01,1401,6,cpi_headline_wb,144.6,index,"World Bank Global Inflation Database (Ha, Kose & Ohnsorge)",202209
2022-09-23,1401-07-01,1401,7,cpi_headline_wb,148.3,index,"World Bank Global Inflation Database (Ha, Kose & Ohnsorge)",202210
2022-10-23,1401-08-01,1401,8,cpi_headline_wb,151.5,index,"World Bank Global Inflation Database (Ha, Kose & Ohnsorge)",202211
2022-11-22,1401-09-01,1401,9,cpi_headline_wb,154.8,index,"World Bank Global Inflation Database (Ha, Kose & Ohnsorge)",202212
2022-12-22,1401-10-01,1401,10,cpi_headline_wb,160.7,index,"World Bank Global Inflation Database (Ha, Kose & Ohnsorge)",202301
2023-01-21,1401-11-01,1401,11,cpi_headline_wb,166.2,index,"World Bank Global Inflation Database (Ha, Kose & Ohnsorge)",202302
2023-02-20,1401-12-01,1401,12,cpi_headline_wb,174.1,index,"World Bank Global Inflation Database (Ha, Kose & Ohnsorge)",202303
2023-03-21,1402-01-01,1402,1,cpi_headline_wb,180.5,index,"World Bank Global Inflation Database (Ha, Kose & Ohnsorge)",202304
2023-04-21,1402-02-01,1402,2,cpi_headline_wb,185.5,index,"World Bank Global Inflation Database (Ha, Kose & Ohnsorge)",202305
2023-05-22,1402-03-01,1402,3,cpi_headline_wb,189.3,index,"World Bank Global Inflation Database (Ha, Kose & Ohnsorge)",202306
2023-06-22,1402-04-01,1402,4,cpi_headline_wb,193.0,index,"World Bank Global Inflation Database (Ha, Kose & Ohnsorge)",202307
2023-07-23,1402-05-01,1402,5,cpi_headline_wb,197.7,index,"World Bank Global Inflation Database (Ha, Kose & Ohnsorge)",202308
2023-08-23,1402-06-01,1402,6,cpi_headline_wb,201.7,index,"World Bank Global Inflation Database (Ha, Kose & Ohnsorge)",202309
2023-09-23,1402-07-01,1402,7,cpi_headline_wb,206.5,index,"World Bank Global Inflation Database (Ha, Kose & Ohnsorge)",202310
2023-10-23,1402-08-01,1402,8,cpi_headline_wb,210.9,index,"World Bank Global Inflation Database (Ha, Kose & Ohnsorge)",202311
2023-11-22,1402-09-01,1402,9,cpi_headline_wb,217.0,index,"World Bank Global Inflation Database (Ha, Kose & Ohnsorge)",202312
2023-12-22,1402-10-01,1402,10,cpi_headline_wb,222.6,index,"World Bank Global Inflation Database (Ha, Kose & Ohnsorge)",202401
2024-01-21,1402-11-01,1402,11,cpi_headline_wb,225.7,index,"World Bank Global Inflation Database (Ha, Kose & Ohnsorge)",202402
2024-02-20,1402-12-01,1402,12,cpi_headline_wb,230.2,index,"World Bank Global Inflation Database (Ha, Kose & Ohnsorge)",202403
2024-03-20,1403-01-01,1403,1,cpi_headline_wb,236.3,index,"World Bank Global Inflation Database (Ha, Kose & Ohnsorge)",202404
2024-04-20,1403-02-01,1403,2,cpi_headline_wb,242.8,index,"World Bank Global Inflation Database (Ha, Kose & Ohnsorge)",202405
2024-05-21,1403-03-01,1403,3,cpi_headline_wb,249.7,index,"World Bank Global Inflation Database (Ha, Kose & Ohnsorge)",202406
2024-06-21,1403-04-01,1403,4,cpi_headline_wb,255.2,index,"World Bank Global Inflation Database (Ha, Kose & Ohnsorge)",202407
2024-07-22,1403-05-01,1403,5,cpi_headline_wb,260.2,index,"World Bank Global Inflation Database (Ha, Kose & Ohnsorge)",202408
2024-08-22,1403-06-01,1403,6,cpi_headline_wb,264.7,index,"World Bank Global Inflation Database (Ha, Kose & Ohnsorge)",202409
2024-09-22,1403-07-01,1403,7,cpi_headline_wb,272.1,index,"World Bank Global Inflation Database (Ha, Kose & Ohnsorge)",202410
2024-10-22,1403-08-01,1403,8,cpi_headline_wb,279.5,index,"World Bank Global Inflation Database (Ha, Kose & Ohnsorge)",202411
2024-11-21,1403-09-01,1403,9,cpi_headline_wb,285.1,index,"World Bank Global Inflation Database (Ha, Kose & Ohnsorge)",202412
2024-12-21,1403-10-01,1403,10,cpi_headline_wb,293.4,index,"World Bank Global Inflation Database (Ha, Kose & Ohnsorge)",202501
2025-01-20,1403-11-01,1403,11,cpi_headline_wb,305.5,index,"World Bank Global Inflation Database (Ha, Kose & Ohnsorge)",202502
2025-02-19,1403-12-01,1403,12,cpi_headline_wb,315.7,index,"World Bank Global Inflation Database (Ha, Kose & Ohnsorge)",202503
2007-11-22,1386-09-01,1386,9,ppi_wb,73.6391272475864,index,"World Bank Global Inflation Database (Ha, Kose & Ohnsorge)",200712
2007-12-22,1386-10-01,1386,10,ppi_wb,74.5298540717023,index,"World Bank Global Inflation Database (Ha, Kose & Ohnsorge)",200801
2008-01-21,1386-11-01,1386,11,ppi_wb,75.8316855838718,index,"World Bank Global Inflation Database (Ha, Kose & Ohnsorge)",200802
2008-02-20,1386-12-01,1386,12,ppi_wb,77.561751146097,index,"World Bank Global Inflation Database (Ha, Kose & Ohnsorge)",200803
2008-03-20,1387-01-01,1387,1,ppi_wb,79.3603341563312,index,"World Bank Global Inflation Database (Ha, Kose & Ohnsorge)",200804
2008-04-20,1387-02-01,1387,2,ppi_wb,80.3195784284561,index,"World Bank Global Inflation Database (Ha, Kose & Ohnsorge)",200805
2008-05-21,1387-03-01,1387,3,ppi_wb,81.6454889294972,index,"World Bank Global Inflation Database (Ha, Kose & Ohnsorge)",200806
2008-06-21,1387-04-01,1387,4,ppi_wb,84.4502996047767,index,"World Bank Global Inflation Database (Ha, Kose & Ohnsorge)",200807
2008-07-22,1387-05-01,1387,5,ppi_wb,86.4901619140708,index,"World Bank Global Inflation Database (Ha, Kose & Ohnsorge)",200808
2008-08-22,1387-06-01,1387,6,ppi_wb,88.0200586460414,index,"World Bank Global Inflation Database (Ha, Kose & Ohnsorge)",200809
2008-09-22,1387-07-01,1387,7,ppi_wb,88.9379966852237,index,"World Bank Global Inflation Database (Ha, Kose & Ohnsorge)",200810
2008-10-22,1387-08-01,1387,8,ppi_wb,89.549955378012,index,"World Bank Global Inflation Database (Ha, Kose & Ohnsorge)",200811
2008-11-21,1387-09-01,1387,9,ppi_wb,89.2949725893502,index,"World Bank Global Inflation Database (Ha, Kose & Ohnsorge)",200812
2008-12-21,1387-10-01,1387,10,ppi_wb,88.5810207810973,index,"World Bank Global Inflation Database (Ha, Kose & Ohnsorge)",200901
2009-01-20,1387-11-01,1387,11,ppi_wb,88.2750414347032,index,"World Bank Global Inflation Database (Ha, Kose & Ohnsorge)",200902
2009-02-19,1387-12-01,1387,12,ppi_wb,88.0200586460414,index,"World Bank Global Inflation Database (Ha, Kose & Ohnsorge)",200903
2009-03-21,1388-01-01,1388,1,ppi_wb,88.1220517615061,index,"World Bank Global Inflation Database (Ha, Kose & Ohnsorge)",200904
2009-04-21,1388-02-01,1388,2,ppi_wb,88.683013896562,index,"World Bank Global Inflation Database (Ha, Kose & Ohnsorge)",200905
2009-05-22,1388-03-01,1388,3,ppi_wb,89.7539416089414,index,"World Bank Global Inflation Database (Ha, Kose & Ohnsorge)",200906
2009-06-22,1388-04-01,1388,4,ppi_wb,91.1818452254473,index,"World Bank Global Inflation Database (Ha, Kose & Ohnsorge)",200907
2009-07-23,1388-05-01,1388,5,ppi_wb,92.2017763800944,index,"World Bank Global Inflation Database (Ha, Kose & Ohnsorge)",200908
2009-08-23,1388-06-01,1388,6,ppi_wb,91.6918108027708,index,"World Bank Global Inflation Database (Ha, Kose & Ohnsorge)",200909
2009-09-23,1388-07-01,1388,7,ppi_wb,92.0487867068973,index,"World Bank Global Inflation Database (Ha, Kose & Ohnsorge)",200910
2009-10-23,1388-08-01,1388,8,ppi_wb,93.6806765543326,index,"World Bank Global Inflation Database (Ha, Kose & Ohnsorge)",200911
2009-11-22,1388-09-01,1388,9,ppi_wb,94.2926352471208,index,"World Bank Global Inflation Database (Ha, Kose & Ohnsorge)",200912
2009-12-22,1388-10-01,1388,10,ppi_wb,94.751604266712,index,"World Bank Global Inflation Database (Ha, Kose & Ohnsorge)",201001
2010-01-21,1388-11-01,1388,11,ppi_wb,95.5675491904296,index,"World Bank Global Inflation Database (Ha, Kose & Ohnsorge)",201002
2010-02-20,1388-12-01,1388,12,ppi_wb,96.3834941141473,index,"World Bank Global Inflation Database (Ha, Kose & Ohnsorge)",201003
2010-03-21,1389-01-01,1389,1,ppi_wb,97.2504355955973,index,"World Bank Global Inflation Database (Ha, Kose & Ohnsorge)",201004
2010-04-21,1389-02-01,1389,2,ppi_wb,98.7293357698355,index,"World Bank Global Inflation Database (Ha, Kose & Ohnsorge)",201005
2010-05-22,1389-03-01,1389,3,ppi_wb,98.7803323275679,index,"World Bank Global Inflation Database (Ha, Kose & Ohnsorge)",201006
2010-06-22,1389-04-01,1389,4,ppi_wb,99.3922910203561,index,"World Bank Global Inflation Database (Ha, Kose & Ohnsorge)",201007
2010-07-23,1389-05-01,1389,5,ppi_wb,101.483149887383,index,"World Bank Global Inflation Database (Ha, Kose & Ohnsorge)",201008
2010-08-23,1389-06-01,1389,6,ppi_wb,101.993115464706,index,"World Bank Global Inflation Database (Ha, Kose & Ohnsorge)",201009
2010-09-23,1389-07-01,1389,7,ppi_wb,103.930984658535,index,"World Bank Global Inflation Database (Ha, Kose & Ohnsorge)",201010
2010-10-23,1389-08-01,1389,8,ppi_wb,105.460881390506,index,"World Bank Global Inflation Database (Ha, Kose & Ohnsorge)",201011
2010-11-22,1389-09-01,1389,9,ppi_wb,106.276826314224,index,"World Bank Global Inflation Database (Ha, Kose & Ohnsorge)",201012
2010-12-22,1389-10-01,1389,10,ppi_wb,122.544728230844,index,"World Bank Global Inflation Database (Ha, Kose & Ohnsorge)",201101
2011-01-21,1389-11-01,1389,11,ppi_wb,126.930432195827,index,"World Bank Global Inflation Database (Ha, Kose & Ohnsorge)",201102
2011-02-20,1389-12-01,1389,12,ppi_wb,129.37826696698,index,"World Bank Global Inflation Database (Ha, Kose & Ohnsorge)",201103
2011-03-21,1390-01-01,1390,1,ppi_wb,133.865964047427,index,"World Bank Global Inflation Database (Ha, Kose & Ohnsorge)",201104
2011-04-21,1390-02-01,1390,2,ppi_wb,137.282733415494,index,"World Bank Global Inflation Database (Ha, Kose & Ohnsorge)",201105
2011-05-22,1390-03-01,1390,3,ppi_wb,138.608643916536,index,"World Bank Global Inflation Database (Ha, Kose & Ohnsorge)",201106
2011-06-22,1390-04-01,1390,4,ppi_wb,139.883557859845,index,"World Bank Global Inflation Database (Ha, Kose & Ohnsorge)",201107
2011-07-23,1390-05-01,1390,5,ppi_wb,141.872423611406,index,"World Bank Global Inflation Database (Ha, Kose & Ohnsorge)",201108
2011-08-23,1390-06-01,1390,6,ppi_wb,143.300327227912,index,"World Bank Global Inflation Database (Ha, Kose & Ohnsorge)",201109
2011-09-23,1390-07-01,1390,7,ppi_wb,145.391186094939,index,"World Bank Global Inflation Database (Ha, Kose & Ohnsorge)",201110
2011-10-23,1390-08-01,1390,8,ppi_wb,147.023075942374,index,"World Bank Global Inflation Database (Ha, Kose & Ohnsorge)",201111
2011-11-22,1390-09-01,1390,9,ppi_wb,148.195996770218,index,"World Bank Global Inflation Database (Ha, Kose & Ohnsorge)",201112
2011-12-22,1390-10-01,1390,10,ppi_wb,149.419914155794,index,"World Bank Global Inflation Database (Ha, Kose & Ohnsorge)",201201
2012-01-21,1390-11-01,1390,11,ppi_wb,153.295652543453,index,"World Bank Global Inflation Database (Ha, Kose & Ohnsorge)",201202
2012-02-20,1390-12-01,1390,12,ppi_wb,156.610428796056,index,"World Bank Global Inflation Database (Ha, Kose & Ohnsorge)",201203
2012-03-20,1391-01-01,1391,1,ppi_wb,159.058263567209,index,"World Bank Global Inflation Database (Ha, Kose & Ohnsorge)",201204
2012-04-20,1391-02-01,1391,2,ppi_wb,161.302112107433,index,"World Bank Global Inflation Database (Ha, Kose & Ohnsorge)",201205
2012-05-21,1391-03-01,1391,3,ppi_wb,163.545960647656,index,"World Bank Global Inflation Database (Ha, Kose & Ohnsorge)",201206
2012-06-21,1391-04-01,1391,4,ppi_wb,168.951595767286,index,"World Bank Global Inflation Database (Ha, Kose & Ohnsorge)",201207
2012-07-22,1391-05-01,1391,5,ppi_wb,174.051251540521,index,"World Bank Global Inflation Database (Ha, Kose & Ohnsorge)",201208
2012-08-22,1391-06-01,1391,6,ppi_wb,178.742934851897,index,"World Bank Global Inflation Database (Ha, Kose & Ohnsorge)",201209
2012-09-22,1391-07-01,1391,7,ppi_wb,193.480940036547,index,"World Bank Global Inflation Database (Ha, Kose & Ohnsorge)",201210
2012-10-22,1391-08-01,1391,8,ppi_wb,201.844375504653,index,"World Bank Global Inflation Database (Ha, Kose & Ohnsorge)",201211
2012-11-21,1391-09-01,1391,9,ppi_wb,202.252347966512,index,"World Bank Global Inflation Database (Ha, Kose & Ohnsorge)",201212
2012-12-21,1391-10-01,1391,10,ppi_wb,206.179082911903,index,"World Bank Global Inflation Database (Ha, Kose & Ohnsorge)",201301
2013-01-20,1391-11-01,1391,11,ppi_wb,218.367260209936,index,"World Bank Global Inflation Database (Ha, Kose & Ohnsorge)",201302
2013-02-19,1391-12-01,1391,12,ppi_wb,220.815094981089,index,"World Bank Global Inflation Database (Ha, Kose & Ohnsorge)",201303
2013-03-21,1392-01-01,1392,1,ppi_wb,224.384854022353,index,"World Bank Global Inflation Database (Ha, Kose & Ohnsorge)",201304
2013-04-21,1392-02-01,1392,2,ppi_wb,228.8725511028,index,"World Bank Global Inflation Database (Ha, Kose & Ohnsorge)",201305
2013-05-22,1392-03-01,1392,3,ppi_wb,233.513237856445,index,"World Bank Global Inflation Database (Ha, Kose & Ohnsorge)",201306
2013-06-22,1392-04-01,1392,4,ppi_wb,241.87667332455,index,"World Bank Global Inflation Database (Ha, Kose & Ohnsorge)",201307
2013-07-23,1392-05-01,1392,5,ppi_wb,244.517855389589,index,"World Bank Global Inflation Database (Ha, Kose & Ohnsorge)",201308
2013-08-23,1392-06-01,1392,6,ppi_wb,248.27111411359,index,"World Bank Global Inflation Database (Ha, Kose & Ohnsorge)",201309
2013-09-23,1392-07-01,1392,7,ppi_wb,251.885363255222,index,"World Bank Global Inflation Database (Ha, Kose & Ohnsorge)",201310
2013-10-23,1392-08-01,1392,8,ppi_wb,255.638621979223,index,"World Bank Global Inflation Database (Ha, Kose & Ohnsorge)",201311
2013-11-22,1392-09-01,1392,9,ppi_wb,257.028717802927,index,"World Bank Global Inflation Database (Ha, Kose & Ohnsorge)",201312
2013-12-22,1392-10-01,1392,10,ppi_wb,258.140794461891,index,"World Bank Global Inflation Database (Ha, Kose & Ohnsorge)",201401
2014-01-21,1392-11-01,1392,11,ppi_wb,259.113861538484,index,"World Bank Global Inflation Database (Ha, Kose & Ohnsorge)",201402
2014-02-20,1392-12-01,1392,12,ppi_wb,260.364947779818,index,"World Bank Global Inflation Database (Ha, Kose & Ohnsorge)",201403
2014-03-21,1393-01-01,1393,1,ppi_wb,266.898398151228,index,"World Bank Global Inflation Database (Ha, Kose & Ohnsorge)",201404
2014-04-21,1393-02-01,1393,2,ppi_wb,276.907088081899,index,"World Bank Global Inflation Database (Ha, Kose & Ohnsorge)",201405
2014-05-22,1393-03-01,1393,3,ppi_wb,277.741145576122,index,"World Bank Global Inflation Database (Ha, Kose & Ohnsorge)",201406
2014-06-22,1393-04-01,1393,4,ppi_wb,281.911433047235,index,"World Bank Global Inflation Database (Ha, Kose & Ohnsorge)",201407
2014-07-23,1393-05-01,1393,5,ppi_wb,284.552615112273,index,"World Bank Global Inflation Database (Ha, Kose & Ohnsorge)",201408
2014-08-23,1393-06-01,1393,6,ppi_wb,286.498749265459,index,"World Bank Global Inflation Database (Ha, Kose & Ohnsorge)",201409
2014-09-23,1393-07-01,1393,7,ppi_wb,287.193797177311,index,"World Bank Global Inflation Database (Ha, Kose & Ohnsorge)",201410
2014-10-23,1393-08-01,1393,8,ppi_wb,288.861912165756,index,"World Bank Global Inflation Database (Ha, Kose & Ohnsorge)",201411
2014-11-22,1393-09-01,1393,9,ppi_wb,290.808046318942,index,"World Bank Global Inflation Database (Ha, Kose & Ohnsorge)",201412
2014-12-22,1393-10-01,1393,10,ppi_wb,290.808046318942,index,"World Bank Global Inflation Database (Ha, Kose & Ohnsorge)",201501
2015-01-21,1393-11-01,1393,11,ppi_wb,288.583893001015,index,"World Bank Global Inflation Database (Ha, Kose & Ohnsorge)",201502
2015-02-20,1393-12-01,1393,12,ppi_wb,289.834979242349,index,"World Bank Global Inflation Database (Ha, Kose & Ohnsorge)",201503
2015-03-21,1394-01-01,1394,1,ppi_wb,290.530027154201,index,"World Bank Global Inflation Database (Ha, Kose & Ohnsorge)",201504
2015-04-21,1394-02-01,1394,2,ppi_wb,293.44922838398,index,"World Bank Global Inflation Database (Ha, Kose & Ohnsorge)",201505
2015-05-22,1394-03-01,1394,3,ppi_wb,298.453573349316,index,"World Bank Global Inflation Database (Ha, Kose & Ohnsorge)",201506
2015-06-22,1394-04-01,1394,4,ppi_wb,297.897535019834,index,"World Bank Global Inflation Database (Ha, Kose & Ohnsorge)",201507
2015-07-23,1394-05-01,1394,5,ppi_wb,300.399707502502,index,"World Bank Global Inflation Database (Ha, Kose & Ohnsorge)",201508
2015-08-23,1394-06-01,1394,6,ppi_wb,299.565650008279,index,"World Bank Global Inflation Database (Ha, Kose & Ohnsorge)",201509
2015-09-23,1394-07-01,1394,7,ppi_wb,300.260697920132,index,"World Bank Global Inflation Database (Ha, Kose & Ohnsorge)",201510
2015-10-23,1394-08-01,1394,8,ppi_wb,300.260697920132,index,"World Bank Global Inflation Database (Ha, Kose & Ohnsorge)",201511
2015-11-22,1394-09-01,1394,9,ppi_wb,300.677726667243,index,"World Bank Global Inflation Database (Ha, Kose & Ohnsorge)",201512
2015-12-22,1394-10-01,1394,10,ppi_wb,298.870602096427,index,"World Bank Global Inflation Database (Ha, Kose & Ohnsorge)",201601
2016-01-21,1394-11-01,1394,11,ppi_wb,298.314563766946,index,"World Bank Global Inflation Database (Ha, Kose & Ohnsorge)",201602
2016-02-20,1394-12-01,1394,12,ppi_wb,299.982678755391,index,"World Bank Global Inflation Database (Ha, Kose & Ohnsorge)",201603
2016-03-20,1395-01-01,1395,1,ppi_wb,300.677726667243,index,"World Bank Global Inflation Database (Ha, Kose & Ohnsorge)",201604
2016-04-20,1395-02-01,1395,2,ppi_wb,302.484851238059,index,"World Bank Global Inflation Database (Ha, Kose & Ohnsorge)",201605
2016-05-21,1395-03-01,1395,3,ppi_wb,303.318908732281,index,"World Bank Global Inflation Database (Ha, Kose & Ohnsorge)",201606
2016-06-21,1395-04-01,1395,4,ppi_wb,305.960090797319,index,"World Bank Global Inflation Database (Ha, Kose & Ohnsorge)",201607
2016-07-22,1395-05-01,1395,5,ppi_wb,308.184244115246,index,"World Bank Global Inflation Database (Ha, Kose & Ohnsorge)",201608
2016-08-22,1395-06-01,1395,6,ppi_wb,310.408397433173,index,"World Bank Global Inflation Database (Ha, Kose & Ohnsorge)",201609
2016-09-22,1395-07-01,1395,7,ppi_wb,312.076512421618,index,"World Bank Global Inflation Database (Ha, Kose & Ohnsorge)",201610
2016-10-22,1395-08-01,1395,8,ppi_wb,314.995713651397,index,"World Bank Global Inflation Database (Ha, Kose & Ohnsorge)",201611
2016-11-21,1395-09-01,1395,9,ppi_wb,321.251144858067,index,"World Bank Global Inflation Database (Ha, Kose & Ohnsorge)",201612
2016-12-21,1395-10-01,1395,10,ppi_wb,324.309355670216,index,"World Bank Global Inflation Database (Ha, Kose & Ohnsorge)",201701
2017-01-20,1395-11-01,1395,11,ppi_wb,325.004403582068,index,"World Bank Global Inflation Database (Ha, Kose & Ohnsorge)",201702
2017-02-19,1395-12-01,1395,12,ppi_wb,327.228556899995,index,"World Bank Global Inflation Database (Ha, Kose & Ohnsorge)",201703
2017-03-21,1396-01-01,1396,1,ppi_wb,328.479643141329,index,"World Bank Global Inflation Database (Ha, Kose & Ohnsorge)",201704
2017-04-21,1396-02-01,1396,2,ppi_wb,328.340633558959,index,"World Bank Global Inflation Database (Ha, Kose & Ohnsorge)",201705
2017-05-22,1396-03-01,1396,3,ppi_wb,329.730729382663,index,"World Bank Global Inflation Database (Ha, Kose & Ohnsorge)",201706
2017-06-22,1396-04-01,1396,4,ppi_wb,333.205968941924,index,"World Bank Global Inflation Database (Ha, Kose & Ohnsorge)",201707
2017-07-23,1396-05-01,1396,5,ppi_wb,338.905361819111,index,"World Bank Global Inflation Database (Ha, Kose & Ohnsorge)",201708
2017-08-23,1396-06-01,1396,6,ppi_wb,343.770697202077,index,"World Bank Global Inflation Database (Ha, Kose & Ohnsorge)",201709
2017-09-23,1396-07-01,1396,7,ppi_wb,348.358013420301,index,"World Bank Global Inflation Database (Ha, Kose & Ohnsorge)",201710
2017-10-23,1396-08-01,1396,8,ppi_wb,350.582166738228,index,"World Bank Global Inflation Database (Ha, Kose & Ohnsorge)",201711
2017-11-22,1396-09-01,1396,9,ppi_wb,355.725521285934,index,"World Bank Global Inflation Database (Ha, Kose & Ohnsorge)",201712
2017-12-22,1396-10-01,1396,10,ppi_wb,359.756799174676,index,"World Bank Global Inflation Database (Ha, Kose & Ohnsorge)",201801
