year_gregorian,inflation,monetisation_m3,monetisation_gdp,net_lending,oil_rents,govt_consumption,m2_growth,credit,d_monetisation_m3,d_monetisation_gdp,credit_growth
1960,9.82241081297867,,7.72122043109175,,,10.5171409906573,,61150000000.0,,,
1961,3.16256439585745,-24.9663913961974,3.44723324024528,,,10.4670418369119,9.736892644517,59240000000.0,,-4.273987190846469,-3.1732872733581274
1962,0.721320571656337,5.33776688834442,4.10926937033134,,,10.2777841948434,25.6737836891845,68820000000.0,30.30415828454182,0.6620361300860602,14.989741096973574
1963,0.371849607221666,4.86004734716613,4.84808132198238,,,11.1109991326574,19.3427099289793,80620000000.0,-0.4777195411782893,0.7388119516510399,15.82523573196859
1964,3.81448957223043,10.536756126021,6.6572879341723,,,12.5028635781778,16.0326721120187,101410000000.0,5.67670877885487,1.8092066121899197,22.94249479348842
1965,2.15437483520967,6.19469026548673,7.09132257535023,,,14.3618865745771,14.9537409493162,113450000000.0,-4.34206586053427,0.4340346411779299,11.219050560194432
1966,-0.388148532154432,2.32700551132884,6.98956915060753,,,14.8294985358915,14.2594698626542,130680000000.0,-3.86768475415789,-0.10175342474269922,14.138937550702124
1967,1.59761007964354,9.0728121889595,8.35196633537043,,,15.2515308344553,19.1486103667407,157450000000.0,6.745806677630659,1.3623971847628988,18.63563608141625
1968,0.690360521996233,3.56637964271944,8.16741624362864,,,15.7582146556508,15.5185708777792,191440000000.0,-5.50643254624006,-0.18455009174178905,19.54664960530863
1969,3.59319451551281,14.4184235411915,10.7406242682976,,,16.7223225250837,17.7393335929243,235600000000.0,10.85204389847206,2.5732080246689595,20.756100817731138
1970,1.66687093970068,16.7249362184636,13.7915594846469,,11.7339839421763,17.3938866253337,17.96277048096,303590000000.0,2.306512677272101,3.0509352163493,25.354265512515894
1971,4.19529837265423,7.99823774431272,12.9438641701777,,14.8261594078895,18.6830845941571,24.0067286126242,348400000000.0,-8.72669847415088,-0.847695314469199,13.767313807575832
1972,6.39824135128871,3.54305277436858,11.2061581672346,-4.27128479006608,16.7252736694196,19.2261385972642,35.2528906401395,426820000000.0,-4.45518496994414,-1.737706002943101,20.301113370747714
1973,9.81948673318762,11.2448360675311,10.3299940517901,-0.771935206776222,18.568940368485,17.2765957216962,30.2910905747785,593870000000.0,7.701783293162521,-0.8761641154444995,33.02980615056654
1974,14.2489355382567,-51.5285363439757,-2.83049976820738,4.4897582530186,47.360140628302,21.0782301841496,42.7990176313185,519750000000.0,-62.7733724115068,-13.16049381999748,-13.33125134533688
1975,12.8791818338341,-10.2677310881228,-4.77279569665984,0.340003255327504,37.2662498162087,23.8422005516236,34.7485689349796,838160000000.0,41.2608052558529,-1.9422959284524604,47.78610863065893
1976,11.2561425062111,4.26905932106526,-2.57547463599942,-0.783287602633488,33.2729575358116,21.4325059376088,43.8973977978436,1367780000000.0,14.53679040918806,2.1973210606604203,48.97352534916202
1977,27.2877846793093,5.28810193612444,-0.768895952894208,-4.61267256605945,29.6619105232745,20.3454068790073,26.0877047823929,1660860000000.0,1.0190426150591803,1.806578683105212,19.414655295029704
1978,11.7219692041212,,,-9.99517985653569,31.7653421755558,23.3220953176091,23.4115713933234,,,,
1979,10.4872367273486,,5.52778151315261,-5.07976968721584,36.2712245910874,19.761445664451,35.5440418915872,2723820000000.0,,,
1980,20.6439144373798,36.1391032541324,22.2636138678177,-13.8821852804226,34.0602967673368,21.0287338661933,26.3108011837774,4235570000000.0,,16.73583235466509,44.14826049185052
1981,24.2035897624486,29.4132847012756,33.4155677444152,-11.0896166962768,26.9572602616531,21.4514692840273,16.3591550345609,5689000000000.0,-6.725818552856801,11.1519538765975,29.50165740412274
1982,18.6897259269564,26.2320635462931,36.8161914958184,-5.81951545860868,19.7882685941967,18.4845562037237,25.6384523402801,7131700000000.0,-3.1812211549824987,3.4006237514032023,22.601514941048606
1983,19.7401891778611,-8.53005659511548,25.0311232417721,-6.32504906730229,15.9331788351053,16.2361109912216,18.6814867689798,7141400000000.0,-34.76212014140858,-11.785068254046301,0.13592003830069643
1984,12.5402194538868,,,-4.0842036837433,14.834775869565,15.1126395417481,,,,,
1985,4.38934095741541,,,-3.91952192253673,13.0111600545153,15.9048943230492,,,,,
1986,18.4290030211474,,39.0905050165678,-8.87719135323262,5.3261828496059,15.2449882366834,,10873900000000.0,,,
1987,28.5714285714292,17.412672623883,41.0502112165506,-7.48890728103536,11.7165752598757,14.3501876170739,19.2648253452478,13413600000000.0,,1.9597061999827972,20.99036952079487
1988,28.6706349206345,15.1074481490311,44.5015051006632,-9.34951230175331,11.0534011695511,15.033984327122,20.0992745972823,15806900000000.0,-2.305224474851901,3.4512938841126015,16.417743592265666
1989,22.3496530454896,11.4916453398932,41.7414280710006,-4.01620465037287,17.7018963845968,11.9808303308829,22.5239084354774,19198500000000.0,-3.6158028091379,-2.760077029662604,19.43855974176998
1990,7.62767493763934,1.55701234153595,30.6324273117442,-1.76746804773939,23.2912360336472,10.8463742812025,17.9880924139767,22750800000000.0,-9.93463299835725,-11.1090007592564,16.976815863203853
1991,17.1285679434012,5.35062769713613,23.6630960505231,-2.17159147556913,,10.2762568673118,25.5752255786583,28030000000000.0,3.7936153556001804,-6.969331261221097,20.867505556283916
1992,25.8077226162332,0.346776114623564,17.8345162242987,-1.34982410698807,,9.71463556374536,24.3817192753629,33915100000000.0,-5.003851582512566,-5.828579826224402,19.058497776483918
1993,21.2026307547761,-1.89885340399613,11.505643611471,-0.51350599594242,29.3853282211644,14.2309068178115,30.2513594634986,43385100000000.0,-2.245629518619694,-6.3288726128277,24.625572124536532
1994,31.4470284237728,24.9343756101441,16.1420846991231,-0.234735665702192,24.2190216392295,14.3535174183169,33.2957303771625,59484000000000.0,26.833229014140233,4.6364410876521,31.559130463953622
1995,49.6559858462746,3.83097766332967,12.5014341645707,1.04068419006279,19.3040585759505,14.2514841919911,30.0937445749667,74425500000000.0,-21.103397946814432,-3.6406505345523996,22.409125622549553
1996,28.9373440168137,8.82864799946623,11.4727721330377,0.761018035157906,19.6685614584308,12.3681297554246,32.4576596312524,101566300000000.0,4.997670336136561,-1.028662031532999,31.09131621568011
1997,17.3492257538708,-0.688416861595679,9.59122714696818,-0.428248868479522,18.0436980240134,11.592726367908,23.6821696884599,115511000000000.0,-9.51706486106191,-1.881544986069521,12.865397631349396
1998,17.8661342130398,11.1095461406556,12.2933877505144,-5.33958939682516,11.6492107603037,13.0491067111189,20.384428393127,151740200000000.0,11.79796300225128,2.7021606035462202,27.280408443085946
1999,20.0707078146866,3.23781318101983,10.1177589892229,0.111798321514736,16.7896155043784,11.8162972088892,21.4992937833198,187227400000000.0,-7.8717329596357715,-2.1756287612915006,21.015407290109067
2000,14.4767513188567,-7.09689036154782,5.70363296838904,1.65580849915839,30.6637746707723,12.9321140863707,35.3701697231687,255276022000000.0,-10.33470354256765,-4.4141260208338595,31.002147810502123
2001,11.2742471332117,-1.25771836859485,4.45448574172352,0.891498337593464,21.4882168458321,12.8715629189063,29.3118175038997,315654900000000.0,5.83917199295297,-1.24914722666552,21.230412925683595
2002,14.3359337378404,3.2022245338298,4.15693231771342,0.641232491099423,20.4437414632993,11.7171068012235,28.4132434126088,412755400000000.0,4.45994290242465,-0.29755342401009965,26.8205637478637
2003,16.4680116244792,1.72463403461913,3.91326407006951,1.43763912245497,22.0449174416527,11.4195212231634,27.2630757220921,533176200000000.0,-1.47759049921067,-0.24366824764391026,25.599678545462012
2004,14.7615086970672,-5.67458910881854,1.2980686153265,3.52739446974609,25.1990020398231,11.236303493867,28.6814130292837,681054000000000.0,-7.39922314343767,-2.6151954547430103,24.47896470107125
2005,13.433118008508,-5.97310733099345,-0.820475745000405,5.07666126091723,31.6076762648214,12.0762428706411,32.8478907539097,861530300000000.0,-0.2985182221749101,-2.118544360326905,23.506862840248743
2006,10.0158982511924,-6.46141309086121,-2.91240468492671,2.64790133423175,31.5582038058527,12.4659204562875,36.3507004721611,1116929700000000.0,-0.48830575986776026,-2.091928939926305,25.96286340892462
2007,17.3410404624277,-2.36104063292825,-3.02611003707865,6.41931445281478,26.1252401169156,9.47709713698378,33.8961602848014,1516206400000000.0,4.100372457932961,-0.11370535215194,30.562784404057197
2008,25.4105090311987,-5.20816582706434,-4.58949846892737,2.28891804222276,30.5659738980313,10.0527121231285,11.8769180990585,1666690300000000.0,-2.84712519413609,-1.5633884318487197,9.462837795528145
2009,13.5515548281506,2.12797713159663,-3.45188231236622,0.451616617103749,17.5512587993854,11.1823199505029,27.0335927586022,1971663800000000.0,7.33614295866097,1.1376161565611498,16.803795116504716
2010,10.0893629287979,7.84643454226191,0.592744492582742,,20.2248363529261,10.8045401696765,24.5812622090235,2731653200000000.0,5.71845741066528,4.044626804948962,32.60292388497632
2011,26.2933856738608,0.165930660814141,0.498423745117631,,22.3514589221281,13.2008336811217,20.1654888444675,3517347900000000.0,-7.68050388144777,-0.09432074746511099,25.28002744530582
2012,27.2568127242908,7.15604809654586,3.40321174156802,,18.4120723402826,13.3279001556293,33.9789194975165,4443509300000000.0,6.99011743573172,2.904787996450389,23.37371790056295
2013,36.6030355191029,-1.41191133645462,1.94415931214855,,21.2565665523955,12.973939207079,26.0394302110046,5175202400000000.0,-8.56795943300048,-1.45905242941947,15.243400235877402
2014,16.6065532357449,0.950118429799063,2.11592727284384,,21.2353758265799,12.8201259776576,35.0985423671399,6506498600000000.0,2.3620297662536833,0.17176796069529,22.89230125674777
2015,12.4846815611533,5.90309633019848,5.78574321966891,,12.2663527393474,15.5688232193039,24.3681300934198,7823700000000000.0,4.952977900399417,3.6698159468250697,18.43561263738991
2016,7.24542548952979,5.66240811098793,8.16329658357982,,10.8895031509112,15.0516117348001,27.9590145407971,1.02117e+16,-0.24068821921054973,2.37755336391091,26.63765333053263
2017,8.04492437660278,,,,14.6204399688795,15.0478623743342,,,,,
2018,18.0141183371874,,,,27.6646471563106,15.1648897031614,,,,,
2019,39.9073455697784,,,,20.0780490508657,14.8711446390003,,,,,
2020,30.5941390387295,,,,13.2733495355914,13.701007548158,,,,,
2021,43.3890162681514,,,,18.2658980929233,14.0761964637181,,,,,
2022,43.4884641742179,,,,,12.6796919148053,,,,,
2023,44.5791857572797,,,,,12.5507486764489,,,,,
2024,32.455871402917,,,,,13.0842057315801,,,,,
2025,42.1712244965444,,,,,13.2913933691992,,,,,
