country_iso3,year_gregorian,year_jalali,emp_pop_ratio,unemployment_rate,participation_rate,employment_thousands,underemployment_rate,informal_rate,vulnerable_employment_pct,working_age_pop_thousands
EGY,1990,1369,45.326,8.434,50.384,14361.4,,,,31684.6842871641
EGY,1991,1370,41.409,9.382,46.716,13826.8,,,20.4516805635983,33390.80876138037
EGY,1992,1371,42.832,8.925,47.186,14398.8,,,20.2575416338376,33616.92192753081
EGY,1993,1372,42.687,10.917,47.885,14703.4,,,20.5312353658559,34444.678707803316
EGY,1994,1373,43.378,10.932,48.879,15241.4,,,19.1251919188961,35136.24417907695
EGY,1995,1374,42.349,11.039,47.925,15344.2,,,18.2385365212143,36232.73276818816
EGY,1996,1375,42.644,9.0,46.599,15768.22,,,17.9435433406455,36976.40934246318
EGY,1997,1376,,8.372,,15830.0,,,17.4984986341697,
EGY,1998,1377,42.309,8.029,46.003,16580.2,,,16.4972000893844,39188.35236001797
EGY,1999,1378,43.739,7.953,47.518,17135.3,,,15.1687118720216,39176.250028578615
EGY,2000,1379,26.939,8.984,29.6,17203.3,,,15.2080365199589,63860.20268012918
EGY,2001,1380,40.772,9.2,44.933,17470.0,,,12.8859939944043,42848.03296379869
EGY,2002,1381,38.867,10.015,43.192,18155.8,,,14.6358912049096,46712.6353976381
EGY,2003,1382,,10.416,,18406.0,,,16.545386030329,
EGY,2004,1383,,10.745,,18619.75,,,18.4951263285982,
EGY,2005,1384,43.948,11.243,49.515,19341.6,,,17.5712834047634,44010.19386547738
EGY,2006,1385,42.043,10.491,46.97,20771.4,,,17.0859528233162,49405.13284018743
EGY,2007,1386,43.707,8.805,47.926,22115.7,,,19.6229515877632,50599.90390555289
EGY,2008,1387,43.501,8.517,47.551,22507.311,,55.727,19.1442282719396,51739.755407921664
EGY,2009,1388,43.549,9.087,47.902,22975.292,,55.407,18.4772205998858,52757.33541527934
EGY,2010,1389,45.045,8.757,49.368,23829.005,,57.638,17.2401565791713,52900.444000444
EGY,2011,1390,43.005,11.849,48.785,23345.812,9.35,58.727,17.3056274608023,54286.27368910592
EGY,2012,1391,42.385,12.597,48.494,23564.393,7.98,55.918,16.0151419528394,55596.067004836616
EGY,2013,1392,42.065,13.154,48.436,23975.13,7.32,57.61,20.5027159795519,56995.435635326285
EGY,2014,1393,41.811,13.105,48.117,24331.249,,,19.6475351963884,58193.41560833274
EGY,2015,1394,40.846,13.052,46.978,24778.768,,59.826,19.6545205453918,60663.87895999609
EGY,2016,1395,40.825,12.45,46.63,25331.181,1.16,61.867,19.7477149647995,62048.20820575627
EGY,2017,1396,39.661,11.767,44.95,26006.18,0.959,63.74,21.5645253336233,65571.16562870327
EGY,2018,1397,39.031,9.855,43.299,26021.022,0.559,,18.9003846679113,66667.57705413646
EGY,2019,1398,38.885,7.851,42.199,26122.61,0.167,67.002,19.5069705952861,67179.14362864858
EGY,2020,1399,38.297,7.974,41.616,26238.958,,,18.4583819298746,68514.3953834504
EGY,2021,1400,39.788,7.441,42.987,27240.999,,,23.6650240780468,68465.36392882276
EGY,2022,1401,39.691,7.344,42.837,27976.39,,,23.0648768584727,70485.47529666674
EGY,2023,1402,41.653,6.753,44.669,29886.073,,71.33,24.2996659219683,71750.10923582935
EGY,2024,1403,45.104,5.945,47.955,32677.758,0.687,68.613,24.0777322521347,72449.80046115644
IRN,1991,1370,33.9,11.1,46.111,13096.61,,,44.6210376717031,38633.06784660767
IRN,1996,1375,40.145,9.1,43.119,14571.572,,,43.9233674389136,36297.35209864242
IRN,2002,1381,,12.8,,,,,43.6469632374301,
IRN,2004,1383,,10.3,,,,,43.3329237427285,
IRN,2005,1384,40.075,11.813,45.444,19847.12,6.955,,43.2518554325576,49524.940736119774
IRN,2006,1385,39.435,11.519,44.569,20201.691,6.511,,43.291895917996,51227.82046405476
IRN,2007,1386,38.956,10.772,43.659,20521.674,5.825,,42.998431267088,52679.109764862915
IRN,2008,1387,37.036,10.63,41.441,20032.433,6.908,,42.3323262633585,54089.08359434064
IRN,2009,1388,37.237,12.113,42.369,20546.863,9.104,,41.7789627123868,55178.620726696565
IRN,2010,1389,35.905,13.679,41.595,20244.609,9.804,,40.9478582446078,56383.81562456482
IRN,2011,1390,34.993,12.491,39.988,20108.707,7.944,,40.1761751313275,57464.94155974051
IRN,2012,1391,35.58,12.275,40.559,20283.386,7.65,,40.7113240617461,57007.83024170883
IRN,2013,1392,36.243,10.595,40.538,20953.161,7.48,,41.5455355115207,57812.987335485464
IRN,2014,1393,35.931,10.68,40.227,20997.036,7.973,,40.9317834898621,58437.10445019622
IRN,2015,1394,36.736,11.166,41.354,21680.552,8.199,,40.9072700377479,59017.18205574913
IRN,2016,1395,37.212,12.618,42.586,22149.198,8.731,,41.8224177004275,59521.654305062875
IRN,2017,1396,38.386,12.232,43.735,23011.655,16.692,,41.9604376389704,59948.040952430565
IRN,2018,1397,38.656,12.195,44.025,23435.812,9.239,,41.8394195451565,60626.58319536424
IRN,2019,1398,39.0,10.74,43.693,24046.846,8.557,,41.3323820515392,61658.579487179486
IRN,2020,1399,36.982,9.687,40.949,23065.873,9.246,,40.5915411766548,62370.53972202694
IRN,2021,1400,36.807,9.282,40.574,23210.743,8.543,,39.6546340522622,63060.67595837748
IRN,2022,1401,36.852,9.085,40.534,23507.615,7.449,,39.4508281538172,63789.2516009986
IRN,2023,1402,37.608,8.129,40.936,24276.926,6.611,,40.0099577621982,64552.55796639014
IRN,2024,1403,37.601,7.631,40.707,24567.799,6.276,,39.7632072666364,65338.1532406053
TUR,1990,1369,52.077,8.015,56.614,18541.5,,,,35604.00944754882
TUR,1991,1370,,8.113,,19287.5,,,47.3290582229435,
TUR,1992,1371,,8.184,,19459.0,,,47.1286599710726,
TUR,1993,1372,,8.255,,18499.5,,,46.8815405299676,
TUR,1994,1373,,8.149,,20006.0,,,46.7486241753248,
TUR,1995,1374,,7.241,,20586.0,,,46.5489259191743,
TUR,1996,1375,,6.265,,21194.0,,,46.2861478949,
TUR,1997,1376,,6.452,,21204.0,,,46.1099612816426,
TUR,1998,1377,,6.552,,21778.5,,,45.7475143048701,
TUR,1999,1378,,7.445,,22048.0,,,45.4360590284753,
TUR,2000,1379,46.7,6.488,49.941,21580.824,,51.984,44.9542249430927,46211.61456102783
TUR,2001,1380,45.643,8.373,49.814,21524.355,,53.398,46.2065788421652,47158.06366803234
TUR,2002,1381,44.449,10.345,49.578,21353.833,,52.51,43.3661355141527,48041.200026997234
TUR,2003,1382,43.235,10.546,48.332,21147.238,,52.128,43.0664758628225,48912.311784433914
TUR,2004,1383,41.292,10.831,46.308,19631.862,1.019,51.018,39.1052860097717,47543.984306887534
TUR,2005,1384,41.495,10.634,46.433,20066.636,0.958,49.046,36.5951513610048,48359.166164598144
TUR,2006,1385,41.532,10.233,46.266,20423.095,1.291,47.746,34.0668497411817,49174.35953000097
TUR,2007,1386,41.481,10.281,46.234,20737.647,1.287,46.032,32.4511473807858,49993.122152310694
TUR,2008,1387,41.743,10.97,46.886,21193.619,1.483,44.133,31.7572930531861,50771.67189708454
TUR,2009,1388,41.167,14.024,47.882,21277.419,2.362,45.061,32.9455526193671,51685.619549639276
TUR,2010,1389,43.003,11.881,48.801,22594.251,2.561,44.398,32.4345095590541,52541.10410901564
TUR,2011,1390,44.989,9.784,49.868,24110.475,2.01,43.2,31.7790811091608,53591.93358376492
TUR,2012,1391,45.356,9.21,49.957,24820.752,1.603,40.158,30.727703994997,54724.296675191814
TUR,2013,1392,45.899,9.717,50.839,25523.641,1.698,37.808,29.9417878200711,55608.272511383686
TUR,2014,1393,45.507,9.912,50.514,25932.59,2.073,36.299,29.5939640712044,56985.93622959105
TUR,2015,1394,46.013,10.302,51.298,26620.551,1.622,34.783,28.8142296804772,57854.412883315585
TUR,2016,1395,46.33,10.905,52.001,27205.161,1.534,34.541,28.0716480856355,58720.39930930283
TUR,2017,1396,47.065,10.916,52.832,28188.894,1.285,35.002,28.3715601440239,59893.538723042606
TUR,2018,1397,47.379,10.958,53.21,28737.561,1.163,34.751,27.7291319199479,60654.63813081745
TUR,2019,1398,45.681,13.731,52.952,28079.693,1.106,35.242,27.2453632622777,61469.08561546376
TUR,2020,1399,42.845,13.155,49.335,26812.183,3.194,31.419,25.8718429248838,62579.491189170265
TUR,2021,1400,45.204,11.979,51.356,28796.813,3.966,29.887,25.5227753796423,63704.12574108485
TUR,2022,1401,47.546,10.432,53.084,30752.482,3.342,28.099,24.8219911815549,64679.43044630463
TUR,2023,1402,48.349,9.354,53.338,31632.32,4.536,27.307,23.9397520247123,65424.972595089865
TUR,2024,1403,49.481,8.711,54.202,32620.335,7.027,27.71,24.2129995221766,65924.97120106706
TUR,2025,1404,49.049,8.348,53.517,32566.338,8.753,26.591,23.9069908746299,66395.51876694734
