year_gregorian,country_iso3,gdp_per_capita_ppp,price_level_ratio_official,price_level_ratio_free
1990,IRN,9656.00116894359,1.4193298209527705,
1991,IRN,10592.3319257222,1.7396843137133788,
1992,IRN,10727.4183671547,2.265558448930795,
1993,IRN,10531.9952777275,0.17152927461940054,
1994,IRN,10333.4330005595,0.16306426017712636,
1995,IRN,10465.0259592685,0.2204113581357676,
1996,IRN,11010.0094976248,0.27840711938560153,
1997,IRN,11025.7202371524,0.315796594657502,
1998,IRN,11101.507869196,0.34179069113345056,
1999,IRN,11163.6950736445,0.4436131507458318,
2000,IRN,11643.1218077696,0.5383953258356503,
2001,IRN,11739.0090911282,0.6082420238282218,
2002,IRN,12583.044990424,0.1951065048310145,
2003,IRN,13519.4501926929,0.18246724413436607,
2004,IRN,13807.1953114023,0.2107858434607725,
2005,IRN,13935.7743087596,0.23600446930261762,
2006,IRN,14320.6568534545,0.25640953304681297,
2007,IRN,15237.4237850549,0.30326799361944545,
2008,IRN,15091.2506521463,0.34976859604328403,
2009,IRN,15055.1494647199,0.3475469247095706,
2010,IRN,15729.9131707266,0.38278178319569883,
2011,IRN,15947.766097961,0.4482603779759161,0.3119849103014713
2012,IRN,15159.2948206531,0.5004754520501825,0.2615606675841848
2013,IRN,14734.740588719,0.4618029644468408,0.2585864595592373
2014,IRN,15262.8515760903,0.3761730032639362,0.3048733495770982
2015,IRN,14841.9048340737,0.3688731952574514,0.31847032317689566
2016,IRN,15920.3718021202,0.38159038834759335,0.33053683515465476
2017,IRN,16167.9677224227,0.39310111713201984,0.33408622845374
2018,IRN,15364.8049052614,0.4141313372526204,0.18972725719290862
2019,IRN,14841.0751514998,0.5606914527529762,0.18629151937009994
2020,IRN,15381.5845437266,0.7846329985119047,0.1542630135506275
2021,IRN,15884.4276775963,1.2020993303571428,0.19393781007720357
2022,IRN,16377.9610645368,1.6955102677422071,0.22544879477923657
2023,IRN,17044.8173442641,2.2447682636167836,0.18790916512170042
2024,IRN,17484.1320140467,,0.1861119659128834
2025,IRN,16833.7821677117,,0.14734671783468795
1990,EGY,8006.62143740129,0.2967977241662213,
1991,EGY,7876.55257552889,0.16467238523889374,
1992,EGY,8034.56230124583,0.1800086667366154,
1993,EGY,8079.05480679221,0.18891258061959856,
1994,EGY,8221.04684774388,0.19865786118197057,
1995,EGY,8423.57817498243,0.2163074836699006,
1996,EGY,8662.33147868251,0.22756524328041933,
1997,EGY,8950.6541069311,0.24599976023531833,
1998,EGY,9245.47890468363,0.2491049972501768,
1999,EGY,9588.8593851379,0.24735818224393463,
2000,EGY,9981.62775081593,0.24585856492758631,
2001,EGY,10117.3331821542,0.21405173558876592,
2002,EGY,10143.5063456555,0.19199715130081157,
2003,EGY,10250.376550149,0.1546120130966604,
2004,EGY,10451.8217511529,0.15876236924260476,
2005,EGY,10700.6090372525,0.1753090485174171,
2006,EGY,11211.8320228671,0.18403557099986823,
2007,EGY,11782.0060717026,0.20524916014414718,
2008,EGY,12391.5847624938,0.23438469239879428,
2009,EGY,12728.0814587564,0.2537700217991309,
2010,EGY,13128.9878334831,0.2722630686753064,
2011,EGY,13082.4263680239,0.28226292568420713,
2012,EGY,13076.8052394876,0.2870054622467872,
2013,EGY,13058.0748238237,0.27022342187033654,
2014,EGY,13136.3656298099,0.30085991397354717,
2015,EGY,13425.9119599492,0.29260305485663196,
2016,EGY,13727.3201600816,0.24928667910718288,
2017,EGY,14018.3605934411,0.17821684474449787,
2018,EGY,14488.2094340261,0.2015599615139147,
2019,EGY,15026.568243683,0.23215531367605738,
2020,EGY,15309.2359881835,0.23447250040401468,
2021,EGY,15579.0160861551,0.24638775665341217,
2022,EGY,16360.390775011,0.20739889599932637,
2023,EGY,16691.3873991962,0.1561519760566069,
2024,EGY,16798.151577838,0.13772322193347156,
2025,EGY,17265.1488604617,0.15405353381623213,
1990,TUR,12184.1995945303,0.4546427419123095,
1991,TUR,12057.9354364382,0.43674027636646984,
1992,TUR,12451.0451197948,0.42430447872099664,
1993,TUR,13174.467116412,0.43506251235628346,
1994,TUR,12343.0041848988,0.32622195110549135,
1995,TUR,13099.2575267612,0.38632296867021676,
1996,TUR,13826.9201097072,0.38051767364102945,
1997,TUR,14631.2958814739,0.3646396470549501,
1998,TUR,14704.3385744207,0.4942885059598407,
1999,TUR,14066.1896257233,0.46913327211094813,
2000,TUR,14856.914625257,0.45039294262725754,
2001,TUR,13872.1287284566,0.3385713402756251,
2002,TUR,14587.894621656,0.3922774929247792,
2003,TUR,15255.7177960689,0.49071441026138196,
2004,TUR,16583.8837094062,0.5556852337601139,
2005,TUR,17902.5966004487,0.6211666363052746,
2006,TUR,18972.0089563632,0.589316383817234,
2007,TUR,19909.083519675,0.6532318763129245,
2008,TUR,19839.5845462269,0.6761009041146079,
2009,TUR,18612.1925231905,0.583663533856219,
2010,TUR,19897.4464836887,0.6124828421347469,
2011,TUR,21760.4291923634,0.5768371439468991,
2012,TUR,22517.7148287875,0.567848253739652,
2013,TUR,24117.3121099839,0.5621976331656894,
2014,TUR,24888.8521742576,0.504675619279581,
2015,TUR,25984.8027306177,0.4272563810286172,
2016,TUR,26489.6436816046,0.4109260359289602,
2017,TUR,28194.688309381,0.3793666892980548,
2018,TUR,28780.3036458151,0.33812859209718515,
2019,TUR,28741.0535082701,0.3237898318807215,
2020,TUR,28976.7179161611,0.30120913859775716,
2021,TUR,32105.5474400506,0.3109046656526989,
2022,TUR,33520.8111384208,0.2729977101792043,
2023,TUR,35069.1701714685,0.3096349190691249,
2024,TUR,36154.490436557,0.3522092849163777,
2025,TUR,37300.7485739354,0.41068819562863956,
