"ref_area","source","indicator","sex","classif1","time","obs_value","obs_status","note_classif","note_indicator","note_source"
"TUR","BA:622","SDG_0831_SEX_ECO_RT","SEX_T","ECO_SECTOR_TOTAL","2025",26.591,,,,"R1:3513"
"TUR","BA:622","SDG_0831_SEX_ECO_RT","SEX_T","ECO_SECTOR_AGR","2025",85.289,,,,"R1:3513"
"TUR","BA:622","SDG_0831_SEX_ECO_RT","SEX_T","ECO_SECTOR_NAG","2025",17.033,,,,"R1:3513"
"TUR","BA:622","SDG_0831_SEX_ECO_RT","SEX_T","ECO_SECTOR_IND","2025",17.331,,,,"R1:3513"
"TUR","BA:622","SDG_0831_SEX_ECO_RT","SEX_T","ECO_SECTOR_SER","2025",16.897,,,,"R1:3513"
"TUR","BA:622","SDG_0831_SEX_ECO_RT","SEX_M","ECO_SECTOR_TOTAL","2025",23.73,,,,"R1:3513"
"TUR","BA:622","SDG_0831_SEX_ECO_RT","SEX_M","ECO_SECTOR_AGR","2025",77.539,,,,"R1:3513"
"TUR","BA:622","SDG_0831_SEX_ECO_RT","SEX_M","ECO_SECTOR_NAG","2025",16.159,,,,"R1:3513"
"TUR","BA:622","SDG_0831_SEX_ECO_RT","SEX_M","ECO_SECTOR_IND","2025",16.658,,,,"R1:3513"
"TUR","BA:622","SDG_0831_SEX_ECO_RT","SEX_M","ECO_SECTOR_SER","2025",15.869,,,,"R1:3513"
"TUR","BA:622","SDG_0831_SEX_ECO_RT","SEX_F","ECO_SECTOR_TOTAL","2025",32.388,,,,"R1:3513"
"TUR","BA:622","SDG_0831_SEX_ECO_RT","SEX_F","ECO_SECTOR_AGR","2025",96.427,,,,"R1:3513"
"TUR","BA:622","SDG_0831_SEX_ECO_RT","SEX_F","ECO_SECTOR_NAG","2025",18.913,,,,"R1:3513"
"TUR","BA:622","SDG_0831_SEX_ECO_RT","SEX_F","ECO_SECTOR_IND","2025",19.979,,,,"R1:3513"
"TUR","BA:622","SDG_0831_SEX_ECO_RT","SEX_F","ECO_SECTOR_SER","2025",18.646,,,,"R1:3513"
"TUR","BA:622","SDG_0831_SEX_ECO_RT","SEX_T","ECO_AGGREGATE_TOTAL","2025",26.591,,,,"R1:3513"
"TUR","BA:622","SDG_0831_SEX_ECO_RT","SEX_T","ECO_AGGREGATE_AGR","2025",85.289,,,,"R1:3513"
"TUR","BA:622","SDG_0831_SEX_ECO_RT","SEX_T","ECO_AGGREGATE_MAN","2025",13.557,,,,"R1:3513"
"TUR","BA:622","SDG_0831_SEX_ECO_RT","SEX_T","ECO_AGGREGATE_CON","2025",28.642,,,,"R1:3513"
"TUR","BA:622","SDG_0831_SEX_ECO_RT","SEX_T","ECO_AGGREGATE_MEL","2025",12.9,,,,"R1:3513"
"TUR","BA:622","SDG_0831_SEX_ECO_RT","SEX_T","ECO_AGGREGATE_MKT","2025",19.181,,,,"R1:3513"
"TUR","BA:622","SDG_0831_SEX_ECO_RT","SEX_T","ECO_AGGREGATE_PUB","2025",13.331,,,,"R1:3513"
"TUR","BA:622","SDG_0831_SEX_ECO_RT","SEX_M","ECO_AGGREGATE_TOTAL","2025",23.73,,,,"R1:3513"
"TUR","BA:622","SDG_0831_SEX_ECO_RT","SEX_M","ECO_AGGREGATE_AGR","2025",77.539,,,,"R1:3513"
"TUR","BA:622","SDG_0831_SEX_ECO_RT","SEX_M","ECO_AGGREGATE_MAN","2025",10.958,,,,"R1:3513"
"TUR","BA:622","SDG_0831_SEX_ECO_RT","SEX_M","ECO_AGGREGATE_CON","2025",29.667,,,,"R1:3513"
"TUR","BA:622","SDG_0831_SEX_ECO_RT","SEX_M","ECO_AGGREGATE_MEL","2025",12.618,,,,"R1:3513"
"TUR","BA:622","SDG_0831_SEX_ECO_RT","SEX_M","ECO_AGGREGATE_MKT","2025",19.272,,,,"R1:3513"
"TUR","BA:622","SDG_0831_SEX_ECO_RT","SEX_M","ECO_AGGREGATE_PUB","2025",8.591,,,,"R1:3513"
"TUR","BA:622","SDG_0831_SEX_ECO_RT","SEX_F","ECO_AGGREGATE_TOTAL","2025",32.388,,,,"R1:3513"
"TUR","BA:622","SDG_0831_SEX_ECO_RT","SEX_F","ECO_AGGREGATE_AGR","2025",96.427,,,,"R1:3513"
"TUR","BA:622","SDG_0831_SEX_ECO_RT","SEX_F","ECO_AGGREGATE_MAN","2025",20.779,,,,"R1:3513"
"TUR","BA:622","SDG_0831_SEX_ECO_RT","SEX_F","ECO_AGGREGATE_CON","2025",11.704,,,,"R1:3513"
"TUR","BA:622","SDG_0831_SEX_ECO_RT","SEX_F","ECO_AGGREGATE_MEL","2025",15.425,,,,"R1:3513"
"TUR","BA:622","SDG_0831_SEX_ECO_RT","SEX_F","ECO_AGGREGATE_MKT","2025",18.966,,,,"R1:3513"
"TUR","BA:622","SDG_0831_SEX_ECO_RT","SEX_F","ECO_AGGREGATE_PUB","2025",18.341,,,,"R1:3513"
"TUR","BA:622","SDG_0831_SEX_ECO_RT","SEX_T","ECO_SECTOR_TOTAL","2024",27.71,,,,"R1:3513"
"TUR","BA:622","SDG_0831_SEX_ECO_RT","SEX_T","ECO_SECTOR_AGR","2024",85.764,,,,"R1:3513"
"TUR","BA:622","SDG_0831_SEX_ECO_RT","SEX_T","ECO_SECTOR_NAG","2024",17.629,,,,"R1:3513"
"TUR","BA:622","SDG_0831_SEX_ECO_RT","SEX_T","ECO_SECTOR_IND","2024",17.161,,,,"R1:3513"
"TUR","BA:622","SDG_0831_SEX_ECO_RT","SEX_T","ECO_SECTOR_SER","2024",17.85,,,,"R1:3513"
"TUR","BA:622","SDG_0831_SEX_ECO_RT","SEX_M","ECO_SECTOR_TOTAL","2024",24.153,,,,"R1:3513"
"TUR","BA:622","SDG_0831_SEX_ECO_RT","SEX_M","ECO_SECTOR_AGR","2024",78.009,,,,"R1:3513"
"TUR","BA:622","SDG_0831_SEX_ECO_RT","SEX_M","ECO_SECTOR_NAG","2024",16.232,,,,"R1:3513"
"TUR","BA:622","SDG_0831_SEX_ECO_RT","SEX_M","ECO_SECTOR_IND","2024",16.33,,,,"R1:3513"
"TUR","BA:622","SDG_0831_SEX_ECO_RT","SEX_M","ECO_SECTOR_SER","2024",16.175,,,,"R1:3513"
"TUR","BA:622","SDG_0831_SEX_ECO_RT","SEX_F","ECO_SECTOR_TOTAL","2024",34.888,,,,"R1:3513"
"TUR","BA:622","SDG_0831_SEX_ECO_RT","SEX_F","ECO_SECTOR_AGR","2024",96.443,,,,"R1:3513"
"TUR","BA:622","SDG_0831_SEX_ECO_RT","SEX_F","ECO_SECTOR_NAG","2024",20.653,,,,"R1:3513"
"TUR","BA:622","SDG_0831_SEX_ECO_RT","SEX_F","ECO_SECTOR_IND","2024",20.236,,,,"R1:3513"
"TUR","BA:622","SDG_0831_SEX_ECO_RT","SEX_F","ECO_SECTOR_SER","2024",20.768,,,,"R1:3513"
"TUR","BA:622","SDG_0831_SEX_ECO_RT","SEX_T","ECO_AGGREGATE_TOTAL","2024",27.71,,,,"R1:3513"
"TUR","BA:622","SDG_0831_SEX_ECO_RT","SEX_T","ECO_AGGREGATE_AGR","2024",85.764,,,,"R1:3513"
"TUR","BA:622","SDG_0831_SEX_ECO_RT","SEX_T","ECO_AGGREGATE_MAN","2024",13.662,,,,"R1:3513"
"TUR","BA:622","SDG_0831_SEX_ECO_RT","SEX_T","ECO_AGGREGATE_CON","2024",27.788,,,,"R1:3513"
"TUR","BA:622","SDG_0831_SEX_ECO_RT","SEX_T","ECO_AGGREGATE_MEL","2024",14.96,,,,"R1:3513"
"TUR","BA:622","SDG_0831_SEX_ECO_RT","SEX_T","ECO_AGGREGATE_MKT","2024",19.697,,,,"R1:3513"
"TUR","BA:622","SDG_0831_SEX_ECO_RT","SEX_T","ECO_AGGREGATE_PUB","2024",14.967,,,,"R1:3513"
"TUR","BA:622","SDG_0831_SEX_ECO_RT","SEX_M","ECO_AGGREGATE_TOTAL","2024",24.153,,,,"R1:3513"
"TUR","BA:622","SDG_0831_SEX_ECO_RT","SEX_M","ECO_AGGREGATE_AGR","2024",78.009,,,,"R1:3513"
"TUR","BA:622","SDG_0831_SEX_ECO_RT","SEX_M","ECO_AGGREGATE_MAN","2024",10.87,,,,"R1:3513"
"TUR","BA:622","SDG_0831_SEX_ECO_RT","SEX_M","ECO_AGGREGATE_CON","2024",28.741,,,,"R1:3513"
"TUR","BA:622","SDG_0831_SEX_ECO_RT","SEX_M","ECO_AGGREGATE_MEL","2024",14.733,,,,"R1:3513"
"TUR","BA:622","SDG_0831_SEX_ECO_RT","SEX_M","ECO_AGGREGATE_MKT","2024",19.563,,,,"R1:3513"
"TUR","BA:622","SDG_0831_SEX_ECO_RT","SEX_M","ECO_AGGREGATE_PUB","2024",9.003,,,,"R1:3513"
"TUR","BA:622","SDG_0831_SEX_ECO_RT","SEX_F","ECO_AGGREGATE_TOTAL","2024",34.888,,,,"R1:3513"
"TUR","BA:622","SDG_0831_SEX_ECO_RT","SEX_F","ECO_AGGREGATE_AGR","2024",96.443,,,,"R1:3513"
"TUR","BA:622","SDG_0831_SEX_ECO_RT","SEX_F","ECO_AGGREGATE_MAN","2024",20.963,,,,"R1:3513"
"TUR","BA:622","SDG_0831_SEX_ECO_RT","SEX_F","ECO_AGGREGATE_CON","2024",10.509,,,,"R1:3513"
"TUR","BA:622","SDG_0831_SEX_ECO_RT","SEX_F","ECO_AGGREGATE_MEL","2024",16.968,,,,"R1:3513"
"TUR","BA:622","SDG_0831_SEX_ECO_RT","SEX_F","ECO_AGGREGATE_MKT","2024",20.021,,,,"R1:3513"
"TUR","BA:622","SDG_0831_SEX_ECO_RT","SEX_F","ECO_AGGREGATE_PUB","2024",21.481,,,,"R1:3513"
"TUR","BA:622","SDG_0831_SEX_ECO_RT","SEX_T","ECO_SECTOR_TOTAL","2023",27.307,,,,"R1:3513"
"TUR","BA:622","SDG_0831_SEX_ECO_RT","SEX_T","ECO_SECTOR_AGR","2023",84.517,,,,"R1:3513"
"TUR","BA:622","SDG_0831_SEX_ECO_RT","SEX_T","ECO_SECTOR_NAG","2023",17.337,,,,"R1:3513"
"TUR","BA:622","SDG_0831_SEX_ECO_RT","SEX_T","ECO_SECTOR_IND","2023",16.974,,,,"R1:3513"
"TUR","BA:622","SDG_0831_SEX_ECO_RT","SEX_T","ECO_SECTOR_SER","2023",17.511,,,,"R1:3513"
"TUR","BA:622","SDG_0831_SEX_ECO_RT","SEX_M","ECO_SECTOR_TOTAL","2023",23.852,,,,"R1:3513"
"TUR","BA:622","SDG_0831_SEX_ECO_RT","SEX_M","ECO_SECTOR_AGR","2023",76.059,,,,"R1:3513"
"TUR","BA:622","SDG_0831_SEX_ECO_RT","SEX_M","ECO_SECTOR_NAG","2023",16.084,,,,"R1:3513"
"TUR","BA:622","SDG_0831_SEX_ECO_RT","SEX_M","ECO_SECTOR_IND","2023",16.46,,,,"R1:3513"
"TUR","BA:622","SDG_0831_SEX_ECO_RT","SEX_M","ECO_SECTOR_SER","2023",15.864,,,,"R1:3513"
"TUR","BA:622","SDG_0831_SEX_ECO_RT","SEX_F","ECO_SECTOR_TOTAL","2023",34.416,,,,"R1:3513"
"TUR","BA:622","SDG_0831_SEX_ECO_RT","SEX_F","ECO_SECTOR_AGR","2023",96.549,,,,"R1:3513"
"TUR","BA:622","SDG_0831_SEX_ECO_RT","SEX_F","ECO_SECTOR_NAG","2023",20.098,,,,"R1:3513"
"TUR","BA:622","SDG_0831_SEX_ECO_RT","SEX_F","ECO_SECTOR_IND","2023",18.861,,,,"R1:3513"
"TUR","BA:622","SDG_0831_SEX_ECO_RT","SEX_F","ECO_SECTOR_SER","2023",20.449,,,,"R1:3513"
"TUR","BA:622","SDG_0831_SEX_ECO_RT","SEX_T","ECO_AGGREGATE_TOTAL","2023",27.307,,,,"R1:3513"
"TUR","BA:622","SDG_0831_SEX_ECO_RT","SEX_T","ECO_AGGREGATE_AGR","2023",84.517,,,,"R1:3513"
"TUR","BA:622","SDG_0831_SEX_ECO_RT","SEX_T","ECO_AGGREGATE_MAN","2023",13.162,,,,"R1:3513"
"TUR","BA:622","SDG_0831_SEX_ECO_RT","SEX_T","ECO_AGGREGATE_CON","2023",28.714,,,,"R1:3513"
"TUR","BA:622","SDG_0831_SEX_ECO_RT","SEX_T","ECO_AGGREGATE_MEL","2023",17.602,,,,"R1:3513"
"TUR","BA:622","SDG_0831_SEX_ECO_RT","SEX_T","ECO_AGGREGATE_MKT","2023",19.253,,,,"R1:3513"
"TUR","BA:622","SDG_0831_SEX_ECO_RT","SEX_T","ECO_AGGREGATE_PUB","2023",14.842,,,,"R1:3513"
"TUR","BA:622","SDG_0831_SEX_ECO_RT","SEX_M","ECO_AGGREGATE_TOTAL","2023",23.852,,,,"R1:3513"
"TUR","BA:622","SDG_0831_SEX_ECO_RT","SEX_M","ECO_AGGREGATE_AGR","2023",76.059,,,,"R1:3513"
"TUR","BA:622","SDG_0831_SEX_ECO_RT","SEX_M","ECO_AGGREGATE_MAN","2023",10.764,,,,"R1:3513"
"TUR","BA:622","SDG_0831_SEX_ECO_RT","SEX_M","ECO_AGGREGATE_CON","2023",29.912,,,,"R1:3513"
"TUR","BA:622","SDG_0831_SEX_ECO_RT","SEX_M","ECO_AGGREGATE_MEL","2023",17.017,,,,"R1:3513"
"TUR","BA:622","SDG_0831_SEX_ECO_RT","SEX_M","ECO_AGGREGATE_MKT","2023",19.243,,,,"R1:3513"
"TUR","BA:622","SDG_0831_SEX_ECO_RT","SEX_M","ECO_AGGREGATE_PUB","2023",8.886,,,,"R1:3513"
"TUR","BA:622","SDG_0831_SEX_ECO_RT","SEX_F","ECO_AGGREGATE_TOTAL","2023",34.416,,,,"R1:3513"
"TUR","BA:622","SDG_0831_SEX_ECO_RT","SEX_F","ECO_AGGREGATE_AGR","2023",96.549,,,,"R1:3513"
"TUR","BA:622","SDG_0831_SEX_ECO_RT","SEX_F","ECO_AGGREGATE_MAN","2023",19.503,,,,"R1:3513"
"TUR","BA:622","SDG_0831_SEX_ECO_RT","SEX_F","ECO_AGGREGATE_CON","2023",6.066,,,,"R1:3513"
"TUR","BA:622","SDG_0831_SEX_ECO_RT","SEX_F","ECO_AGGREGATE_MEL","2023",22.436,,,,"R1:3513"
"TUR","BA:622","SDG_0831_SEX_ECO_RT","SEX_F","ECO_AGGREGATE_MKT","2023",19.278,,,,"R1:3513"
"TUR","BA:622","SDG_0831_SEX_ECO_RT","SEX_F","ECO_AGGREGATE_PUB","2023",21.542,,,,"R1:3513"
"TUR","BA:622","SDG_0831_SEX_ECO_RT","SEX_T","ECO_SECTOR_TOTAL","2022",28.099,,,,"R1:3513"
"TUR","BA:622","SDG_0831_SEX_ECO_RT","SEX_T","ECO_SECTOR_AGR","2022",84.405,,,,"R1:3513"
"TUR","BA:622","SDG_0831_SEX_ECO_RT","SEX_T","ECO_SECTOR_NAG","2022",17.516,,,,"R1:3513"
"TUR","BA:622","SDG_0831_SEX_ECO_RT","SEX_T","ECO_SECTOR_IND","2022",17.034,,,,"R1:3513"
"TUR","BA:622","SDG_0831_SEX_ECO_RT","SEX_T","ECO_SECTOR_SER","2022",17.752,,,,"R1:3513"
"TUR","BA:622","SDG_0831_SEX_ECO_RT","SEX_M","ECO_SECTOR_TOTAL","2022",24.177,,,,"R1:3513"
"TUR","BA:622","SDG_0831_SEX_ECO_RT","SEX_M","ECO_SECTOR_AGR","2022",75.368,,,,"R1:3513"
"TUR","BA:622","SDG_0831_SEX_ECO_RT","SEX_M","ECO_SECTOR_NAG","2022",16.149,,,,"R1:3513"
"TUR","BA:622","SDG_0831_SEX_ECO_RT","SEX_M","ECO_SECTOR_IND","2022",16.499,,,,"R1:3513"
"TUR","BA:622","SDG_0831_SEX_ECO_RT","SEX_M","ECO_SECTOR_SER","2022",15.94,,,,"R1:3513"
"TUR","BA:622","SDG_0831_SEX_ECO_RT","SEX_F","ECO_SECTOR_TOTAL","2022",36.318,,,,"R1:3513"
"TUR","BA:622","SDG_0831_SEX_ECO_RT","SEX_F","ECO_SECTOR_AGR","2022",96.884,,,,"R1:3513"
"TUR","BA:622","SDG_0831_SEX_ECO_RT","SEX_F","ECO_SECTOR_NAG","2022",20.634,,,,"R1:3513"
"TUR","BA:622","SDG_0831_SEX_ECO_RT","SEX_F","ECO_SECTOR_IND","2022",19.051,,,,"R1:3513"
"TUR","BA:622","SDG_0831_SEX_ECO_RT","SEX_F","ECO_SECTOR_SER","2022",21.096,,,,"R1:3513"
"TUR","BA:622","SDG_0831_SEX_ECO_RT","SEX_T","ECO_AGGREGATE_TOTAL","2022",28.099,,,,"R1:3513"
"TUR","BA:622","SDG_0831_SEX_ECO_RT","SEX_T","ECO_AGGREGATE_AGR","2022",84.405,,,,"R1:3513"
"TUR","BA:622","SDG_0831_SEX_ECO_RT","SEX_T","ECO_AGGREGATE_MAN","2022",12.832,,,,"R1:3513"
"TUR","BA:622","SDG_0831_SEX_ECO_RT","SEX_T","ECO_AGGREGATE_CON","2022",29.572,,,,"R1:3513"
"TUR","BA:622","SDG_0831_SEX_ECO_RT","SEX_T","ECO_AGGREGATE_MEL","2022",22.449,,,,"R1:3513"
"TUR","BA:622","SDG_0831_SEX_ECO_RT","SEX_T","ECO_AGGREGATE_MKT","2022",19.545,,,,"R1:3513"
"TUR","BA:622","SDG_0831_SEX_ECO_RT","SEX_T","ECO_AGGREGATE_PUB","2022",14.999,,,,"R1:3513"
"TUR","BA:622","SDG_0831_SEX_ECO_RT","SEX_M","ECO_AGGREGATE_TOTAL","2022",24.177,,,,"R1:3513"
"TUR","BA:622","SDG_0831_SEX_ECO_RT","SEX_M","ECO_AGGREGATE_AGR","2022",75.368,,,,"R1:3513"
"TUR","BA:622","SDG_0831_SEX_ECO_RT","SEX_M","ECO_AGGREGATE_MAN","2022",10.427,,,,"R1:3513"
"TUR","BA:622","SDG_0831_SEX_ECO_RT","SEX_M","ECO_AGGREGATE_CON","2022",30.593,,,,"R1:3513"
"TUR","BA:622","SDG_0831_SEX_ECO_RT","SEX_M","ECO_AGGREGATE_MEL","2022",22.206,,,,"R1:3513"
"TUR","BA:622","SDG_0831_SEX_ECO_RT","SEX_M","ECO_AGGREGATE_MKT","2022",19.191,,,,"R1:3513"
"TUR","BA:622","SDG_0831_SEX_ECO_RT","SEX_M","ECO_AGGREGATE_PUB","2022",9.226,,,,"R1:3513"
"TUR","BA:622","SDG_0831_SEX_ECO_RT","SEX_F","ECO_AGGREGATE_TOTAL","2022",36.318,,,,"R1:3513"
"TUR","BA:622","SDG_0831_SEX_ECO_RT","SEX_F","ECO_AGGREGATE_AGR","2022",96.884,,,,"R1:3513"
"TUR","BA:622","SDG_0831_SEX_ECO_RT","SEX_F","ECO_AGGREGATE_MAN","2022",19.402,,,,"R1:3513"
"TUR","BA:622","SDG_0831_SEX_ECO_RT","SEX_F","ECO_AGGREGATE_CON","2022",9.815,,,,"R1:3513"
"TUR","BA:622","SDG_0831_SEX_ECO_RT","SEX_F","ECO_AGGREGATE_MEL","2022",25.021,,,,"R1:3513"
"TUR","BA:622","SDG_0831_SEX_ECO_RT","SEX_F","ECO_AGGREGATE_MKT","2022",20.461,,,,"R1:3513"
"TUR","BA:622","SDG_0831_SEX_ECO_RT","SEX_F","ECO_AGGREGATE_PUB","2022",21.681,,,,"R1:3513"
"TUR","BA:622","SDG_0831_SEX_ECO_RT","SEX_T","ECO_SECTOR_TOTAL","2021",29.887,,,,"R1:3513"
"TUR","BA:622","SDG_0831_SEX_ECO_RT","SEX_T","ECO_SECTOR_AGR","2021",86.865,,,,"R1:3513"
"TUR","BA:622","SDG_0831_SEX_ECO_RT","SEX_T","ECO_SECTOR_NAG","2021",18.064,,,,"R1:3513"
"TUR","BA:622","SDG_0831_SEX_ECO_RT","SEX_T","ECO_SECTOR_IND","2021",18.604,,,,"R1:3513"
"TUR","BA:622","SDG_0831_SEX_ECO_RT","SEX_T","ECO_SECTOR_SER","2021",17.796,,,,"R1:3513"
"TUR","BA:622","SDG_0831_SEX_ECO_RT","SEX_M","ECO_SECTOR_TOTAL","2021",26.449,,,,"R1:3513"
"TUR","BA:622","SDG_0831_SEX_ECO_RT","SEX_M","ECO_SECTOR_AGR","2021",79.446,,,,"R1:3513"
"TUR","BA:622","SDG_0831_SEX_ECO_RT","SEX_M","ECO_SECTOR_NAG","2021",17.347,,,,"R1:3513"
"TUR","BA:622","SDG_0831_SEX_ECO_RT","SEX_M","ECO_SECTOR_IND","2021",18.073,,,,"R1:3513"
"TUR","BA:622","SDG_0831_SEX_ECO_RT","SEX_M","ECO_SECTOR_SER","2021",16.91,,,,"R1:3513"
"TUR","BA:622","SDG_0831_SEX_ECO_RT","SEX_F","ECO_SECTOR_TOTAL","2021",37.443,,,,"R1:3513"
"TUR","BA:622","SDG_0831_SEX_ECO_RT","SEX_F","ECO_SECTOR_AGR","2021",97.378,,,,"R1:3513"
"TUR","BA:622","SDG_0831_SEX_ECO_RT","SEX_F","ECO_SECTOR_NAG","2021",19.807,,,,"R1:3513"
"TUR","BA:622","SDG_0831_SEX_ECO_RT","SEX_F","ECO_SECTOR_IND","2021",20.729,,,,"R1:3513"
"TUR","BA:622","SDG_0831_SEX_ECO_RT","SEX_F","ECO_SECTOR_SER","2021",19.535,,,,"R1:3513"
"TUR","BA:622","SDG_0831_SEX_ECO_RT","SEX_T","ECO_AGGREGATE_TOTAL","2021",29.887,,,,"R1:3513"
"TUR","BA:622","SDG_0831_SEX_ECO_RT","SEX_T","ECO_AGGREGATE_AGR","2021",86.865,,,,"R1:3513"
"TUR","BA:622","SDG_0831_SEX_ECO_RT","SEX_T","ECO_AGGREGATE_MAN","2021",13.932,,,,"R1:3513"
"TUR","BA:622","SDG_0831_SEX_ECO_RT","SEX_T","ECO_AGGREGATE_CON","2021",32.407,,,,"R1:3513"
"TUR","BA:622","SDG_0831_SEX_ECO_RT","SEX_T","ECO_AGGREGATE_MEL","2021",22.59,,,,"R1:3513"
"TUR","BA:622","SDG_0831_SEX_ECO_RT","SEX_T","ECO_AGGREGATE_MKT","2021",21.114,,,,"R1:3513"
"TUR","BA:622","SDG_0831_SEX_ECO_RT","SEX_T","ECO_AGGREGATE_PUB","2021",12.81,,,,"R1:3513"
"TUR","BA:622","SDG_0831_SEX_ECO_RT","SEX_M","ECO_AGGREGATE_TOTAL","2021",26.449,,,,"R1:3513"
"TUR","BA:622","SDG_0831_SEX_ECO_RT","SEX_M","ECO_AGGREGATE_AGR","2021",79.446,,,,"R1:3513"
"TUR","BA:622","SDG_0831_SEX_ECO_RT","SEX_M","ECO_AGGREGATE_MAN","2021",11.452,,,,"R1:3513"
"TUR","BA:622","SDG_0831_SEX_ECO_RT","SEX_M","ECO_AGGREGATE_CON","2021",33.495,,,,"R1:3513"
"TUR","BA:622","SDG_0831_SEX_ECO_RT","SEX_M","ECO_AGGREGATE_MEL","2021",22.012,,,,"R1:3513"
"TUR","BA:622","SDG_0831_SEX_ECO_RT","SEX_M","ECO_AGGREGATE_MKT","2021",21.143,,,,"R1:3513"
"TUR","BA:622","SDG_0831_SEX_ECO_RT","SEX_M","ECO_AGGREGATE_PUB","2021",8.605,,,,"R1:3513"
"TUR","BA:622","SDG_0831_SEX_ECO_RT","SEX_F","ECO_AGGREGATE_TOTAL","2021",37.443,,,,"R1:3513"
"TUR","BA:622","SDG_0831_SEX_ECO_RT","SEX_F","ECO_AGGREGATE_AGR","2021",97.378,,,,"R1:3513"
"TUR","BA:622","SDG_0831_SEX_ECO_RT","SEX_F","ECO_AGGREGATE_MAN","2021",21.089,,,,"R1:3513"
"TUR","BA:622","SDG_0831_SEX_ECO_RT","SEX_F","ECO_AGGREGATE_CON","2021",10.548,,,,"R1:3513"
"TUR","BA:622","SDG_0831_SEX_ECO_RT","SEX_F","ECO_AGGREGATE_MEL","2021",28.585,,,,"R1:3513"
"TUR","BA:622","SDG_0831_SEX_ECO_RT","SEX_F","ECO_AGGREGATE_MKT","2021",21.035,,,,"R1:3513"
"TUR","BA:622","SDG_0831_SEX_ECO_RT","SEX_F","ECO_AGGREGATE_PUB","2021",18.157,,,,"R1:3513"
"TUR","BA:622","SDG_0831_SEX_ECO_RT","SEX_T","ECO_SECTOR_TOTAL","2020",31.419,,,,"R1:3513"
"TUR","BA:622","SDG_0831_SEX_ECO_RT","SEX_T","ECO_SECTOR_AGR","2020",85.947,,,,"R1:3513"
"TUR","BA:622","SDG_0831_SEX_ECO_RT","SEX_T","ECO_SECTOR_NAG","2020",19.781,,,,"R1:3513"
"TUR","BA:622","SDG_0831_SEX_ECO_RT","SEX_T","ECO_SECTOR_IND","2020",20.779,,,,"R1:3513"
"TUR","BA:622","SDG_0831_SEX_ECO_RT","SEX_T","ECO_SECTOR_SER","2020",19.316,,,,"R1:3513"
"TUR","BA:622","SDG_0831_SEX_ECO_RT","SEX_M","ECO_SECTOR_TOTAL","2020",28.192,,,,"R1:3513"
"TUR","BA:622","SDG_0831_SEX_ECO_RT","SEX_M","ECO_SECTOR_AGR","2020",78.207,,,,"R1:3513"
"TUR","BA:622","SDG_0831_SEX_ECO_RT","SEX_M","ECO_SECTOR_NAG","2020",19.183,,,,"R1:3513"
"TUR","BA:622","SDG_0831_SEX_ECO_RT","SEX_M","ECO_SECTOR_IND","2020",20.125,,,,"R1:3513"
"TUR","BA:622","SDG_0831_SEX_ECO_RT","SEX_M","ECO_SECTOR_SER","2020",18.654,,,,"R1:3513"
"TUR","BA:622","SDG_0831_SEX_ECO_RT","SEX_F","ECO_SECTOR_TOTAL","2020",38.609,,,,"R1:3513"
"TUR","BA:622","SDG_0831_SEX_ECO_RT","SEX_F","ECO_SECTOR_AGR","2020",97.506,,,,"R1:3513"
"TUR","BA:622","SDG_0831_SEX_ECO_RT","SEX_F","ECO_SECTOR_NAG","2020",21.243,,,,"R1:3513"
"TUR","BA:622","SDG_0831_SEX_ECO_RT","SEX_F","ECO_SECTOR_IND","2020",23.422,,,,"R1:3513"
"TUR","BA:622","SDG_0831_SEX_ECO_RT","SEX_F","ECO_SECTOR_SER","2020",20.638,,,,"R1:3513"
"TUR","BA:622","SDG_0831_SEX_ECO_RT","SEX_T","ECO_AGGREGATE_TOTAL","2020",31.419,,,,"R1:3513"
"TUR","BA:622","SDG_0831_SEX_ECO_RT","SEX_T","ECO_AGGREGATE_AGR","2020",85.947,,,,"R1:3513"
"TUR","BA:622","SDG_0831_SEX_ECO_RT","SEX_T","ECO_AGGREGATE_MAN","2020",16.445,,,,"R1:3513"
"TUR","BA:622","SDG_0831_SEX_ECO_RT","SEX_T","ECO_AGGREGATE_CON","2020",35.068,,,,"R1:3513"
"TUR","BA:622","SDG_0831_SEX_ECO_RT","SEX_T","ECO_AGGREGATE_MEL","2020",20.75,,,,"R1:3513"
"TUR","BA:622","SDG_0831_SEX_ECO_RT","SEX_T","ECO_AGGREGATE_MKT","2020",23.506,,,,"R1:3513"
"TUR","BA:622","SDG_0831_SEX_ECO_RT","SEX_T","ECO_AGGREGATE_PUB","2020",13.251,,,,"R1:3513"
"TUR","BA:622","SDG_0831_SEX_ECO_RT","SEX_M","ECO_AGGREGATE_TOTAL","2020",28.192,,,,"R1:3513"
"TUR","BA:622","SDG_0831_SEX_ECO_RT","SEX_M","ECO_AGGREGATE_AGR","2020",78.207,,,,"R1:3513"
"TUR","BA:622","SDG_0831_SEX_ECO_RT","SEX_M","ECO_AGGREGATE_MAN","2020",13.803,,,,"R1:3513"
"TUR","BA:622","SDG_0831_SEX_ECO_RT","SEX_M","ECO_AGGREGATE_CON","2020",36.384,,,,"R1:3513"
"TUR","BA:622","SDG_0831_SEX_ECO_RT","SEX_M","ECO_AGGREGATE_MEL","2020",20.234,,,,"R1:3513"
"TUR","BA:622","SDG_0831_SEX_ECO_RT","SEX_M","ECO_AGGREGATE_MKT","2020",24.017,,,,"R1:3513"
"TUR","BA:622","SDG_0831_SEX_ECO_RT","SEX_M","ECO_AGGREGATE_PUB","2020",8.657,,,,"R1:3513"
"TUR","BA:622","SDG_0831_SEX_ECO_RT","SEX_F","ECO_AGGREGATE_TOTAL","2020",38.609,,,,"R1:3513"
"TUR","BA:622","SDG_0831_SEX_ECO_RT","SEX_F","ECO_AGGREGATE_AGR","2020",97.506,,,,"R1:3513"
"TUR","BA:622","SDG_0831_SEX_ECO_RT","SEX_F","ECO_AGGREGATE_MAN","2020",24.224,,,,"R1:3513"
"TUR","BA:622","SDG_0831_SEX_ECO_RT","SEX_F","ECO_AGGREGATE_CON","2020",7.16,,,,"R1:3513"
"TUR","BA:622","SDG_0831_SEX_ECO_RT","SEX_F","ECO_AGGREGATE_MEL","2020",25.879,,,,"R1:3513"
"TUR","BA:622","SDG_0831_SEX_ECO_RT","SEX_F","ECO_AGGREGATE_MKT","2020",22.099,,,,"R1:3513"
"TUR","BA:622","SDG_0831_SEX_ECO_RT","SEX_F","ECO_AGGREGATE_PUB","2020",19.33,,,,"R1:3513"
"TUR","BA:622","SDG_0831_SEX_ECO_RT","SEX_T","ECO_SECTOR_TOTAL","2019",35.242,,,,"R1:3513"
"TUR","BA:622","SDG_0831_SEX_ECO_RT","SEX_T","ECO_SECTOR_AGR","2019",88.448,,,,"R1:3513"
"TUR","BA:622","SDG_0831_SEX_ECO_RT","SEX_T","ECO_SECTOR_NAG","2019",23.443,,,,"R1:3513"
"TUR","BA:622","SDG_0831_SEX_ECO_RT","SEX_T","ECO_SECTOR_IND","2019",24.137,,,,"R1:3513"
"TUR","BA:622","SDG_0831_SEX_ECO_RT","SEX_T","ECO_SECTOR_SER","2019",23.132,,,,"R1:3513"
"TUR","BA:622","SDG_0831_SEX_ECO_RT","SEX_M","ECO_SECTOR_TOTAL","2019",31.378,,,,"R1:3513"
"TUR","BA:622","SDG_0831_SEX_ECO_RT","SEX_M","ECO_SECTOR_AGR","2019",80.994,,,,"R1:3513"
"TUR","BA:622","SDG_0831_SEX_ECO_RT","SEX_M","ECO_SECTOR_NAG","2019",22.684,,,,"R1:3513"
"TUR","BA:622","SDG_0831_SEX_ECO_RT","SEX_M","ECO_SECTOR_IND","2019",23.464,,,,"R1:3513"
"TUR","BA:622","SDG_0831_SEX_ECO_RT","SEX_M","ECO_SECTOR_SER","2019",22.265,,,,"R1:3513"
"TUR","BA:622","SDG_0831_SEX_ECO_RT","SEX_F","ECO_SECTOR_TOTAL","2019",43.538,,,,"R1:3513"
"TUR","BA:622","SDG_0831_SEX_ECO_RT","SEX_F","ECO_SECTOR_AGR","2019",97.949,,,,"R1:3513"
"TUR","BA:622","SDG_0831_SEX_ECO_RT","SEX_F","ECO_SECTOR_NAG","2019",25.296,,,,"R1:3513"
"TUR","BA:622","SDG_0831_SEX_ECO_RT","SEX_F","ECO_SECTOR_IND","2019",26.845,,,,"R1:3513"
"TUR","BA:622","SDG_0831_SEX_ECO_RT","SEX_F","ECO_SECTOR_SER","2019",24.879,,,,"R1:3513"
"TUR","BA:622","SDG_0831_SEX_ECO_RT","SEX_T","ECO_AGGREGATE_TOTAL","2019",35.242,,,,"R1:3513"
"TUR","BA:622","SDG_0831_SEX_ECO_RT","SEX_T","ECO_AGGREGATE_AGR","2019",88.448,,,,"R1:3513"
"TUR","BA:622","SDG_0831_SEX_ECO_RT","SEX_T","ECO_AGGREGATE_MAN","2019",20.223,,,,"R1:3513"
"TUR","BA:622","SDG_0831_SEX_ECO_RT","SEX_T","ECO_AGGREGATE_CON","2019",37.959,,,,"R1:3513"
"TUR","BA:622","SDG_0831_SEX_ECO_RT","SEX_T","ECO_AGGREGATE_MEL","2019",21.09,,,,"R1:3513"
"TUR","BA:622","SDG_0831_SEX_ECO_RT","SEX_T","ECO_AGGREGATE_MKT","2019",27.634,,,,"R1:3513"
"TUR","BA:622","SDG_0831_SEX_ECO_RT","SEX_T","ECO_AGGREGATE_PUB","2019",16.331,,,,"R1:3513"
"TUR","BA:622","SDG_0831_SEX_ECO_RT","SEX_M","ECO_AGGREGATE_TOTAL","2019",31.378,,,,"R1:3513"
"TUR","BA:622","SDG_0831_SEX_ECO_RT","SEX_M","ECO_AGGREGATE_AGR","2019",80.994,,,,"R1:3513"
"TUR","BA:622","SDG_0831_SEX_ECO_RT","SEX_M","ECO_AGGREGATE_MAN","2019",17.596,,,,"R1:3513"
"TUR","BA:622","SDG_0831_SEX_ECO_RT","SEX_M","ECO_AGGREGATE_CON","2019",39.197,,,,"R1:3513"
"TUR","BA:622","SDG_0831_SEX_ECO_RT","SEX_M","ECO_AGGREGATE_MEL","2019",21.388,,,,"R1:3513"
"TUR","BA:622","SDG_0831_SEX_ECO_RT","SEX_M","ECO_AGGREGATE_MKT","2019",27.692,,,,"R1:3513"
"TUR","BA:622","SDG_0831_SEX_ECO_RT","SEX_M","ECO_AGGREGATE_PUB","2019",11.49,,,,"R1:3513"
"TUR","BA:622","SDG_0831_SEX_ECO_RT","SEX_F","ECO_AGGREGATE_TOTAL","2019",43.538,,,,"R1:3513"
"TUR","BA:622","SDG_0831_SEX_ECO_RT","SEX_F","ECO_AGGREGATE_AGR","2019",97.949,,,,"R1:3513"
"TUR","BA:622","SDG_0831_SEX_ECO_RT","SEX_F","ECO_AGGREGATE_MAN","2019",27.927,,,,"R1:3513"
"TUR","BA:622","SDG_0831_SEX_ECO_RT","SEX_F","ECO_AGGREGATE_CON","2019",10.7,,,,"R1:3513"
"TUR","BA:622","SDG_0831_SEX_ECO_RT","SEX_F","ECO_AGGREGATE_MEL","2019",18.22,,,,"R1:3513"
"TUR","BA:622","SDG_0831_SEX_ECO_RT","SEX_F","ECO_AGGREGATE_MKT","2019",27.471,,,,"R1:3513"
"TUR","BA:622","SDG_0831_SEX_ECO_RT","SEX_F","ECO_AGGREGATE_PUB","2019",22.541,,,,"R1:3513"
"TUR","BA:622","SDG_0831_SEX_ECO_RT","SEX_T","ECO_SECTOR_TOTAL","2018",34.751,,,,"R1:3513"
"TUR","BA:622","SDG_0831_SEX_ECO_RT","SEX_T","ECO_SECTOR_AGR","2018",87.205,,,,"R1:3513"
"TUR","BA:622","SDG_0831_SEX_ECO_RT","SEX_T","ECO_SECTOR_NAG","2018",22.898,,,,"R1:3513"
"TUR","BA:622","SDG_0831_SEX_ECO_RT","SEX_T","ECO_SECTOR_IND","2018",24.327,,,,"R1:3513"
"TUR","BA:622","SDG_0831_SEX_ECO_RT","SEX_T","ECO_SECTOR_SER","2018",22.203,,,,"R1:3513"
"TUR","BA:622","SDG_0831_SEX_ECO_RT","SEX_M","ECO_SECTOR_TOTAL","2018",30.082,,,,"R1:3513"
"TUR","BA:622","SDG_0831_SEX_ECO_RT","SEX_M","ECO_SECTOR_AGR","2018",78.594,,,,"R1:3513"
"TUR","BA:622","SDG_0831_SEX_ECO_RT","SEX_M","ECO_SECTOR_NAG","2018",21.57,,,,"R1:3513"
"TUR","BA:622","SDG_0831_SEX_ECO_RT","SEX_M","ECO_SECTOR_IND","2018",22.833,,,,"R1:3513"
"TUR","BA:622","SDG_0831_SEX_ECO_RT","SEX_M","ECO_SECTOR_SER","2018",20.825,,,,"R1:3513"
"TUR","BA:622","SDG_0831_SEX_ECO_RT","SEX_F","ECO_SECTOR_TOTAL","2018",44.961,,,,"R1:3513"
"TUR","BA:622","SDG_0831_SEX_ECO_RT","SEX_F","ECO_SECTOR_AGR","2018",97.976,,,,"R1:3513"
"TUR","BA:622","SDG_0831_SEX_ECO_RT","SEX_F","ECO_SECTOR_NAG","2018",26.241,,,,"R1:3513"
"TUR","BA:622","SDG_0831_SEX_ECO_RT","SEX_F","ECO_SECTOR_IND","2018",30.765,,,,"R1:3513"
"TUR","BA:622","SDG_0831_SEX_ECO_RT","SEX_F","ECO_SECTOR_SER","2018",24.989,,,,"R1:3513"
"TUR","BA:622","SDG_0831_SEX_ECO_RT","SEX_T","ECO_AGGREGATE_TOTAL","2018",34.751,,,,"R1:3513"
"TUR","BA:622","SDG_0831_SEX_ECO_RT","SEX_T","ECO_AGGREGATE_AGR","2018",87.205,,,,"R1:3513"
"TUR","BA:622","SDG_0831_SEX_ECO_RT","SEX_T","ECO_AGGREGATE_MAN","2018",20.63,,,,"R1:3513"
"TUR","BA:622","SDG_0831_SEX_ECO_RT","SEX_T","ECO_AGGREGATE_CON","2018",34.831,,,,"R1:3513"
"TUR","BA:622","SDG_0831_SEX_ECO_RT","SEX_T","ECO_AGGREGATE_MEL","2018",20.749,,,,"R1:3513"
"TUR","BA:622","SDG_0831_SEX_ECO_RT","SEX_T","ECO_AGGREGATE_MKT","2018",25.897,,,,"R1:3513"
"TUR","BA:622","SDG_0831_SEX_ECO_RT","SEX_T","ECO_AGGREGATE_PUB","2018",16.243,,,,"R1:3513"
"TUR","BA:622","SDG_0831_SEX_ECO_RT","SEX_M","ECO_AGGREGATE_TOTAL","2018",30.082,,,,"R1:3513"
"TUR","BA:622","SDG_0831_SEX_ECO_RT","SEX_M","ECO_AGGREGATE_AGR","2018",78.594,,,,"R1:3513"
"TUR","BA:622","SDG_0831_SEX_ECO_RT","SEX_M","ECO_AGGREGATE_MAN","2018",16.795,,,,"R1:3513"
"TUR","BA:622","SDG_0831_SEX_ECO_RT","SEX_M","ECO_AGGREGATE_CON","2018",35.67,,,,"R1:3513"
"TUR","BA:622","SDG_0831_SEX_ECO_RT","SEX_M","ECO_AGGREGATE_MEL","2018",20.512,,,,"R1:3513"
"TUR","BA:622","SDG_0831_SEX_ECO_RT","SEX_M","ECO_AGGREGATE_MKT","2018",25.47,,,,"R1:3513"
"TUR","BA:622","SDG_0831_SEX_ECO_RT","SEX_M","ECO_AGGREGATE_PUB","2018",10.898,,,,"R1:3513"
"TUR","BA:622","SDG_0831_SEX_ECO_RT","SEX_F","ECO_AGGREGATE_TOTAL","2018",44.961,,,,"R1:3513"
"TUR","BA:622","SDG_0831_SEX_ECO_RT","SEX_F","ECO_AGGREGATE_AGR","2018",97.976,,,,"R1:3513"
"TUR","BA:622","SDG_0831_SEX_ECO_RT","SEX_F","ECO_AGGREGATE_MAN","2018",31.94,,,,"R1:3513"
"TUR","BA:622","SDG_0831_SEX_ECO_RT","SEX_F","ECO_AGGREGATE_CON","2018",15.203,,,,"R1:3513"
"TUR","BA:622","SDG_0831_SEX_ECO_RT","SEX_F","ECO_AGGREGATE_MEL","2018",23.267,,,,"R1:3513"
"TUR","BA:622","SDG_0831_SEX_ECO_RT","SEX_F","ECO_AGGREGATE_MKT","2018",27.103,,,,"R1:3513"
"TUR","BA:622","SDG_0831_SEX_ECO_RT","SEX_F","ECO_AGGREGATE_PUB","2018",22.973,,,,"R1:3513"
"TUR","BA:622","SDG_0831_SEX_ECO_RT","SEX_T","ECO_SECTOR_TOTAL","2017",35.002,,,,"R1:3513"
"TUR","BA:622","SDG_0831_SEX_ECO_RT","SEX_T","ECO_SECTOR_AGR","2017",86.279,,,,"R1:3513"
"TUR","BA:622","SDG_0831_SEX_ECO_RT","SEX_T","ECO_SECTOR_NAG","2017",22.671,,,,"R1:3513"
"TUR","BA:622","SDG_0831_SEX_ECO_RT","SEX_T","ECO_SECTOR_IND","2017",24.899,,,,"R1:3513"
"TUR","BA:622","SDG_0831_SEX_ECO_RT","SEX_T","ECO_SECTOR_SER","2017",21.578,,,,"R1:3513"
"TUR","BA:622","SDG_0831_SEX_ECO_RT","SEX_M","ECO_SECTOR_TOTAL","2017",29.83,,,,"R1:3513"
"TUR","BA:622","SDG_0831_SEX_ECO_RT","SEX_M","ECO_SECTOR_AGR","2017",76.362,,,,"R1:3513"
"TUR","BA:622","SDG_0831_SEX_ECO_RT","SEX_M","ECO_SECTOR_NAG","2017",21.371,,,,"R1:3513"
"TUR","BA:622","SDG_0831_SEX_ECO_RT","SEX_M","ECO_SECTOR_IND","2017",23.29,,,,"R1:3513"
"TUR","BA:622","SDG_0831_SEX_ECO_RT","SEX_M","ECO_SECTOR_SER","2017",20.236,,,,"R1:3513"
"TUR","BA:622","SDG_0831_SEX_ECO_RT","SEX_F","ECO_SECTOR_TOTAL","2017",46.532,,,,"R1:3513"
"TUR","BA:622","SDG_0831_SEX_ECO_RT","SEX_F","ECO_SECTOR_AGR","2017",98.294,,,,"R1:3513"
"TUR","BA:622","SDG_0831_SEX_ECO_RT","SEX_F","ECO_SECTOR_NAG","2017",26.093,,,,"R1:3513"
"TUR","BA:622","SDG_0831_SEX_ECO_RT","SEX_F","ECO_SECTOR_IND","2017",32.137,,,,"R1:3513"
"TUR","BA:622","SDG_0831_SEX_ECO_RT","SEX_F","ECO_SECTOR_SER","2017",24.414,,,,"R1:3513"
"TUR","BA:622","SDG_0831_SEX_ECO_RT","SEX_T","ECO_AGGREGATE_TOTAL","2017",35.002,,,,"R1:3513"
"TUR","BA:622","SDG_0831_SEX_ECO_RT","SEX_T","ECO_AGGREGATE_AGR","2017",86.279,,,,"R1:3513"
"TUR","BA:622","SDG_0831_SEX_ECO_RT","SEX_T","ECO_AGGREGATE_MAN","2017",20.014,,,,"R1:3513"
"TUR","BA:622","SDG_0831_SEX_ECO_RT","SEX_T","ECO_AGGREGATE_CON","2017",36.389,,,,"R1:3513"
"TUR","BA:622","SDG_0831_SEX_ECO_RT","SEX_T","ECO_AGGREGATE_MEL","2017",25.399,,,,"R1:3513"
"TUR","BA:622","SDG_0831_SEX_ECO_RT","SEX_T","ECO_AGGREGATE_MKT","2017",24.012,,,,"R1:3513"
"TUR","BA:622","SDG_0831_SEX_ECO_RT","SEX_T","ECO_AGGREGATE_PUB","2017",17.002,,,,"R1:3513"
"TUR","BA:622","SDG_0831_SEX_ECO_RT","SEX_M","ECO_AGGREGATE_TOTAL","2017",29.83,,,,"R1:3513"
"TUR","BA:622","SDG_0831_SEX_ECO_RT","SEX_M","ECO_AGGREGATE_AGR","2017",76.362,,,,"R1:3513"
"TUR","BA:622","SDG_0831_SEX_ECO_RT","SEX_M","ECO_AGGREGATE_MAN","2017",15.608,,,,"R1:3513"
"TUR","BA:622","SDG_0831_SEX_ECO_RT","SEX_M","ECO_AGGREGATE_CON","2017",37.228,,,,"R1:3513"
"TUR","BA:622","SDG_0831_SEX_ECO_RT","SEX_M","ECO_AGGREGATE_MEL","2017",24.832,,,,"R1:3513"
"TUR","BA:622","SDG_0831_SEX_ECO_RT","SEX_M","ECO_AGGREGATE_MKT","2017",23.524,,,,"R1:3513"
"TUR","BA:622","SDG_0831_SEX_ECO_RT","SEX_M","ECO_AGGREGATE_PUB","2017",11.918,,,,"R1:3513"
"TUR","BA:622","SDG_0831_SEX_ECO_RT","SEX_F","ECO_AGGREGATE_TOTAL","2017",46.532,,,,"R1:3513"
"TUR","BA:622","SDG_0831_SEX_ECO_RT","SEX_F","ECO_AGGREGATE_AGR","2017",98.294,,,,"R1:3513"
"TUR","BA:622","SDG_0831_SEX_ECO_RT","SEX_F","ECO_AGGREGATE_MAN","2017",33.243,,,,"R1:3513"
"TUR","BA:622","SDG_0831_SEX_ECO_RT","SEX_F","ECO_AGGREGATE_CON","2017",15.883,,,,"R1:3513"
"TUR","BA:622","SDG_0831_SEX_ECO_RT","SEX_F","ECO_AGGREGATE_MEL","2017",31.192,,,,"R1:3513"
"TUR","BA:622","SDG_0831_SEX_ECO_RT","SEX_F","ECO_AGGREGATE_MKT","2017",25.44,,,,"R1:3513"
"TUR","BA:622","SDG_0831_SEX_ECO_RT","SEX_F","ECO_AGGREGATE_PUB","2017",23.313,,,,"R1:3513"
"TUR","BA:622","SDG_0831_SEX_ECO_RT","SEX_T","ECO_SECTOR_TOTAL","2016",34.541,,,,"R1:3513"
"TUR","BA:622","SDG_0831_SEX_ECO_RT","SEX_T","ECO_SECTOR_AGR","2016",85.171,,,,"R1:3513"
"TUR","BA:622","SDG_0831_SEX_ECO_RT","SEX_T","ECO_SECTOR_NAG","2016",22.278,,,,"R1:3513"
"TUR","BA:622","SDG_0831_SEX_ECO_RT","SEX_T","ECO_SECTOR_IND","2016",24.907,,,,"R1:3513"
"TUR","BA:622","SDG_0831_SEX_ECO_RT","SEX_T","ECO_SECTOR_SER","2016",20.968,,,,"R1:3513"
"TUR","BA:622","SDG_0831_SEX_ECO_RT","SEX_M","ECO_SECTOR_TOTAL","2016",29.372,,,,"R1:3513"
"TUR","BA:622","SDG_0831_SEX_ECO_RT","SEX_M","ECO_SECTOR_AGR","2016",74.517,,,,"R1:3513"
"TUR","BA:622","SDG_0831_SEX_ECO_RT","SEX_M","ECO_SECTOR_NAG","2016",21.118,,,,"R1:3513"
"TUR","BA:622","SDG_0831_SEX_ECO_RT","SEX_M","ECO_SECTOR_IND","2016",23.363,,,,"R1:3513"
"TUR","BA:622","SDG_0831_SEX_ECO_RT","SEX_M","ECO_SECTOR_SER","2016",19.782,,,,"R1:3513"
"TUR","BA:622","SDG_0831_SEX_ECO_RT","SEX_F","ECO_SECTOR_TOTAL","2016",46.289,,,,"R1:3513"
"TUR","BA:622","SDG_0831_SEX_ECO_RT","SEX_F","ECO_SECTOR_AGR","2016",98.219,,,,"R1:3513"
"TUR","BA:622","SDG_0831_SEX_ECO_RT","SEX_F","ECO_SECTOR_NAG","2016",25.403,,,,"R1:3513"
"TUR","BA:622","SDG_0831_SEX_ECO_RT","SEX_F","ECO_SECTOR_IND","2016",31.869,,,,"R1:3513"
"TUR","BA:622","SDG_0831_SEX_ECO_RT","SEX_F","ECO_SECTOR_SER","2016",23.546,,,,"R1:3513"
"TUR","BA:622","SDG_0831_SEX_ECO_RT","SEX_T","ECO_AGGREGATE_TOTAL","2016",34.541,,,,"R1:3513"
"TUR","BA:622","SDG_0831_SEX_ECO_RT","SEX_T","ECO_AGGREGATE_AGR","2016",85.171,,,,"R1:3513"
"TUR","BA:622","SDG_0831_SEX_ECO_RT","SEX_T","ECO_AGGREGATE_MAN","2016",20.363,,,,"R1:3513"
"TUR","BA:622","SDG_0831_SEX_ECO_RT","SEX_T","ECO_AGGREGATE_CON","2016",36.256,,,,"R1:3513"
"TUR","BA:622","SDG_0831_SEX_ECO_RT","SEX_T","ECO_AGGREGATE_MEL","2016",24.321,,,,"R1:3513"
"TUR","BA:622","SDG_0831_SEX_ECO_RT","SEX_T","ECO_AGGREGATE_MKT","2016",23.313,,,,"R1:3513"
"TUR","BA:622","SDG_0831_SEX_ECO_RT","SEX_T","ECO_AGGREGATE_PUB","2016",16.68,,,,"R1:3513"
"TUR","BA:622","SDG_0831_SEX_ECO_RT","SEX_M","ECO_AGGREGATE_TOTAL","2016",29.372,,,,"R1:3513"
"TUR","BA:622","SDG_0831_SEX_ECO_RT","SEX_M","ECO_AGGREGATE_AGR","2016",74.517,,,,"R1:3513"
"TUR","BA:622","SDG_0831_SEX_ECO_RT","SEX_M","ECO_AGGREGATE_MAN","2016",16.188,,,,"R1:3513"
"TUR","BA:622","SDG_0831_SEX_ECO_RT","SEX_M","ECO_AGGREGATE_CON","2016",37.235,,,,"R1:3513"
"TUR","BA:622","SDG_0831_SEX_ECO_RT","SEX_M","ECO_AGGREGATE_MEL","2016",23.925,,,,"R1:3513"
"TUR","BA:622","SDG_0831_SEX_ECO_RT","SEX_M","ECO_AGGREGATE_MKT","2016",22.824,,,,"R1:3513"
"TUR","BA:622","SDG_0831_SEX_ECO_RT","SEX_M","ECO_AGGREGATE_PUB","2016",12.52,,,,"R1:3513"
"TUR","BA:622","SDG_0831_SEX_ECO_RT","SEX_F","ECO_AGGREGATE_TOTAL","2016",46.289,,,,"R1:3513"
"TUR","BA:622","SDG_0831_SEX_ECO_RT","SEX_F","ECO_AGGREGATE_AGR","2016",98.219,,,,"R1:3513"
"TUR","BA:622","SDG_0831_SEX_ECO_RT","SEX_F","ECO_AGGREGATE_MAN","2016",33.196,,,,"R1:3513"
"TUR","BA:622","SDG_0831_SEX_ECO_RT","SEX_F","ECO_AGGREGATE_CON","2016",13.928,,,,"R1:3513"
"TUR","BA:622","SDG_0831_SEX_ECO_RT","SEX_F","ECO_AGGREGATE_MEL","2016",28.659,,,,"R1:3513"
"TUR","BA:622","SDG_0831_SEX_ECO_RT","SEX_F","ECO_AGGREGATE_MKT","2016",24.756,,,,"R1:3513"
"TUR","BA:622","SDG_0831_SEX_ECO_RT","SEX_F","ECO_AGGREGATE_PUB","2016",22.238,,,,"R1:3513"
"TUR","BA:622","SDG_0831_SEX_ECO_RT","SEX_T","ECO_SECTOR_TOTAL","2015",34.783,,,,"R1:3513"
"TUR","BA:622","SDG_0831_SEX_ECO_RT","SEX_T","ECO_SECTOR_AGR","2015",84.408,,,,"R1:3513"
"TUR","BA:622","SDG_0831_SEX_ECO_RT","SEX_T","ECO_SECTOR_NAG","2015",21.909,,,,"R1:3513"
"TUR","BA:622","SDG_0831_SEX_ECO_RT","SEX_T","ECO_SECTOR_IND","2015",23.939,,,,"R1:3513"
"TUR","BA:622","SDG_0831_SEX_ECO_RT","SEX_T","ECO_SECTOR_SER","2015",20.85,,,,"R1:3513"
"TUR","BA:622","SDG_0831_SEX_ECO_RT","SEX_M","ECO_SECTOR_TOTAL","2015",28.925,,,,"R1:3513"
"TUR","BA:622","SDG_0831_SEX_ECO_RT","SEX_M","ECO_SECTOR_AGR","2015",72.785,,,,"R1:3513"
"TUR","BA:622","SDG_0831_SEX_ECO_RT","SEX_M","ECO_SECTOR_NAG","2015",20.617,,,,"R1:3513"
"TUR","BA:622","SDG_0831_SEX_ECO_RT","SEX_M","ECO_SECTOR_IND","2015",22.667,,,,"R1:3513"
"TUR","BA:622","SDG_0831_SEX_ECO_RT","SEX_M","ECO_SECTOR_SER","2015",19.355,,,,"R1:3513"
"TUR","BA:622","SDG_0831_SEX_ECO_RT","SEX_F","ECO_SECTOR_TOTAL","2015",48.277,,,,"R1:3513"
"TUR","BA:622","SDG_0831_SEX_ECO_RT","SEX_F","ECO_SECTOR_AGR","2015",98.004,,,,"R1:3513"
"TUR","BA:622","SDG_0831_SEX_ECO_RT","SEX_F","ECO_SECTOR_NAG","2015",25.557,,,,"R1:3513"
"TUR","BA:622","SDG_0831_SEX_ECO_RT","SEX_F","ECO_SECTOR_IND","2015",29.75,,,,"R1:3513"
"TUR","BA:622","SDG_0831_SEX_ECO_RT","SEX_F","ECO_SECTOR_SER","2015",24.267,,,,"R1:3513"
"TUR","BA:622","SDG_0831_SEX_ECO_RT","SEX_T","ECO_AGGREGATE_TOTAL","2015",34.783,,,,"R1:3513"
"TUR","BA:622","SDG_0831_SEX_ECO_RT","SEX_T","ECO_AGGREGATE_AGR","2015",84.408,,,,"R1:3513"
"TUR","BA:622","SDG_0831_SEX_ECO_RT","SEX_T","ECO_AGGREGATE_MAN","2015",19.402,,,,"R1:3513"
"TUR","BA:622","SDG_0831_SEX_ECO_RT","SEX_T","ECO_AGGREGATE_CON","2015",35.908,,,,"R1:3513"
"TUR","BA:622","SDG_0831_SEX_ECO_RT","SEX_T","ECO_AGGREGATE_MEL","2015",22.816,,,,"R1:3513"
"TUR","BA:622","SDG_0831_SEX_ECO_RT","SEX_T","ECO_AGGREGATE_MKT","2015",23.339,,,,"R1:3513"
"TUR","BA:622","SDG_0831_SEX_ECO_RT","SEX_T","ECO_AGGREGATE_PUB","2015",16.203,,,,"R1:3513"
"TUR","BA:622","SDG_0831_SEX_ECO_RT","SEX_M","ECO_AGGREGATE_TOTAL","2015",28.925,,,,"R1:3513"
"TUR","BA:622","SDG_0831_SEX_ECO_RT","SEX_M","ECO_AGGREGATE_AGR","2015",72.785,,,,"R1:3513"
"TUR","BA:622","SDG_0831_SEX_ECO_RT","SEX_M","ECO_AGGREGATE_MAN","2015",15.77,,,,"R1:3513"
"TUR","BA:622","SDG_0831_SEX_ECO_RT","SEX_M","ECO_AGGREGATE_CON","2015",36.763,,,,"R1:3513"
"TUR","BA:622","SDG_0831_SEX_ECO_RT","SEX_M","ECO_AGGREGATE_MEL","2015",22.383,,,,"R1:3513"
"TUR","BA:622","SDG_0831_SEX_ECO_RT","SEX_M","ECO_AGGREGATE_MKT","2015",22.505,,,,"R1:3513"
"TUR","BA:622","SDG_0831_SEX_ECO_RT","SEX_M","ECO_AGGREGATE_PUB","2015",11.85,,,,"R1:3513"
"TUR","BA:622","SDG_0831_SEX_ECO_RT","SEX_F","ECO_AGGREGATE_TOTAL","2015",48.277,,,,"R1:3513"
"TUR","BA:622","SDG_0831_SEX_ECO_RT","SEX_F","ECO_AGGREGATE_AGR","2015",98.004,,,,"R1:3513"
"TUR","BA:622","SDG_0831_SEX_ECO_RT","SEX_F","ECO_AGGREGATE_MAN","2015",30.721,,,,"R1:3513"
"TUR","BA:622","SDG_0831_SEX_ECO_RT","SEX_F","ECO_AGGREGATE_CON","2015",13.713,,,,"R1:3513"
"TUR","BA:622","SDG_0831_SEX_ECO_RT","SEX_F","ECO_AGGREGATE_MEL","2015",28.546,,,,"R1:3513"
"TUR","BA:622","SDG_0831_SEX_ECO_RT","SEX_F","ECO_AGGREGATE_MKT","2015",25.871,,,,"R1:3513"
"TUR","BA:622","SDG_0831_SEX_ECO_RT","SEX_F","ECO_AGGREGATE_PUB","2015",22.459,,,,"R1:3513"
"TUR","BA:622","SDG_0831_SEX_ECO_RT","SEX_T","ECO_SECTOR_TOTAL","2014",36.299,,,,"R1:3513"
"TUR","BA:622","SDG_0831_SEX_ECO_RT","SEX_T","ECO_SECTOR_AGR","2014",86.04,,,,"R1:3513"
"TUR","BA:622","SDG_0831_SEX_ECO_RT","SEX_T","ECO_SECTOR_NAG","2014",23.001,,,,"R1:3513"
"TUR","BA:622","SDG_0831_SEX_ECO_RT","SEX_T","ECO_SECTOR_IND","2014",25.013,,,,"R1:3513"
"TUR","BA:622","SDG_0831_SEX_ECO_RT","SEX_T","ECO_SECTOR_SER","2014",21.903,,,,"R1:3513"
"TUR","BA:622","SDG_0831_SEX_ECO_RT","SEX_M","ECO_SECTOR_TOTAL","2014",30.197,,,,"R1:3513"
"TUR","BA:622","SDG_0831_SEX_ECO_RT","SEX_M","ECO_SECTOR_AGR","2014",75.028,,,,"R1:3513"
"TUR","BA:622","SDG_0831_SEX_ECO_RT","SEX_M","ECO_SECTOR_NAG","2014",21.595,,,,"R1:3513"
"TUR","BA:622","SDG_0831_SEX_ECO_RT","SEX_M","ECO_SECTOR_IND","2014",23.454,,,,"R1:3513"
"TUR","BA:622","SDG_0831_SEX_ECO_RT","SEX_M","ECO_SECTOR_SER","2014",20.425,,,,"R1:3513"
"TUR","BA:622","SDG_0831_SEX_ECO_RT","SEX_F","ECO_SECTOR_TOTAL","2014",50.776,,,,"R1:3513"
"TUR","BA:622","SDG_0831_SEX_ECO_RT","SEX_F","ECO_SECTOR_AGR","2014",98.809,,,,"R1:3513"
"TUR","BA:622","SDG_0831_SEX_ECO_RT","SEX_F","ECO_SECTOR_NAG","2014",27.177,,,,"R1:3513"
"TUR","BA:622","SDG_0831_SEX_ECO_RT","SEX_F","ECO_SECTOR_IND","2014",32.023,,,,"R1:3513"
"TUR","BA:622","SDG_0831_SEX_ECO_RT","SEX_F","ECO_SECTOR_SER","2014",25.518,,,,"R1:3513"
"TUR","BA:622","SDG_0831_SEX_ECO_RT","SEX_T","ECO_AGGREGATE_TOTAL","2014",36.299,,,,"R1:3513"
"TUR","BA:622","SDG_0831_SEX_ECO_RT","SEX_T","ECO_AGGREGATE_AGR","2014",86.04,,,,"R1:3513"
"TUR","BA:622","SDG_0831_SEX_ECO_RT","SEX_T","ECO_AGGREGATE_MAN","2014",20.579,,,,"R1:3513"
"TUR","BA:622","SDG_0831_SEX_ECO_RT","SEX_T","ECO_AGGREGATE_CON","2014",37.045,,,,"R1:3513"
"TUR","BA:622","SDG_0831_SEX_ECO_RT","SEX_T","ECO_AGGREGATE_MEL","2014",22.073,,,,"R1:3513"
"TUR","BA:622","SDG_0831_SEX_ECO_RT","SEX_T","ECO_AGGREGATE_MKT","2014",24.6,,,,"R1:3513"
"TUR","BA:622","SDG_0831_SEX_ECO_RT","SEX_T","ECO_AGGREGATE_PUB","2014",16.852,,,,"R1:3513"
"TUR","BA:622","SDG_0831_SEX_ECO_RT","SEX_M","ECO_AGGREGATE_TOTAL","2014",30.197,,,,"R1:3513"
"TUR","BA:622","SDG_0831_SEX_ECO_RT","SEX_M","ECO_AGGREGATE_AGR","2014",75.028,,,,"R1:3513"
"TUR","BA:622","SDG_0831_SEX_ECO_RT","SEX_M","ECO_AGGREGATE_MAN","2014",16.48,,,,"R1:3513"
"TUR","BA:622","SDG_0831_SEX_ECO_RT","SEX_M","ECO_AGGREGATE_CON","2014",38.023,,,,"R1:3513"
"TUR","BA:622","SDG_0831_SEX_ECO_RT","SEX_M","ECO_AGGREGATE_MEL","2014",21.462,,,,"R1:3513"
"TUR","BA:622","SDG_0831_SEX_ECO_RT","SEX_M","ECO_AGGREGATE_MKT","2014",23.783,,,,"R1:3513"
"TUR","BA:622","SDG_0831_SEX_ECO_RT","SEX_M","ECO_AGGREGATE_PUB","2014",12.415,,,,"R1:3513"
"TUR","BA:622","SDG_0831_SEX_ECO_RT","SEX_F","ECO_AGGREGATE_TOTAL","2014",50.776,,,,"R1:3513"
"TUR","BA:622","SDG_0831_SEX_ECO_RT","SEX_F","ECO_AGGREGATE_AGR","2014",98.809,,,,"R1:3513"
"TUR","BA:622","SDG_0831_SEX_ECO_RT","SEX_F","ECO_AGGREGATE_MAN","2014",33.214,,,,"R1:3513"
"TUR","BA:622","SDG_0831_SEX_ECO_RT","SEX_F","ECO_AGGREGATE_CON","2014",14.493,,,,"R1:3513"
"TUR","BA:622","SDG_0831_SEX_ECO_RT","SEX_F","ECO_AGGREGATE_MEL","2014",30.213,,,,"R1:3513"
"TUR","BA:622","SDG_0831_SEX_ECO_RT","SEX_F","ECO_AGGREGATE_MKT","2014",27.292,,,,"R1:3513"
"TUR","BA:622","SDG_0831_SEX_ECO_RT","SEX_F","ECO_AGGREGATE_PUB","2014",23.573,,,,"R1:3513"
"TUR","BA:622","SDG_0831_SEX_ECO_RT","SEX_T","ECO_SECTOR_TOTAL","2013",37.808,,,,"R1:3513"
"TUR","BA:622","SDG_0831_SEX_ECO_RT","SEX_T","ECO_SECTOR_AGR","2013",85.995,,,,"R1:3513"
"TUR","BA:622","SDG_0831_SEX_ECO_RT","SEX_T","ECO_SECTOR_NAG","2013",22.95,,,,"R1:3513"
"TUR","BA:622","SDG_0831_SEX_ECO_RT","SEX_T","ECO_SECTOR_IND","2013",25.548,,,,"R1:3513"
"TUR","BA:622","SDG_0831_SEX_ECO_RT","SEX_T","ECO_SECTOR_SER","2013",21.579,,,,"R1:3513"
"TUR","BA:622","SDG_0831_SEX_ECO_RT","SEX_M","ECO_SECTOR_TOTAL","2013",30.997,,,,"R1:3513"
"TUR","BA:622","SDG_0831_SEX_ECO_RT","SEX_M","ECO_SECTOR_AGR","2013",74.534,,,,"R1:3513"
"TUR","BA:622","SDG_0831_SEX_ECO_RT","SEX_M","ECO_SECTOR_NAG","2013",21.547,,,,"R1:3513"
"TUR","BA:622","SDG_0831_SEX_ECO_RT","SEX_M","ECO_SECTOR_IND","2013",23.553,,,,"R1:3513"
"TUR","BA:622","SDG_0831_SEX_ECO_RT","SEX_M","ECO_SECTOR_SER","2013",20.324,,,,"R1:3513"
"TUR","BA:622","SDG_0831_SEX_ECO_RT","SEX_F","ECO_SECTOR_TOTAL","2013",53.747,,,,"R1:3513"
"TUR","BA:622","SDG_0831_SEX_ECO_RT","SEX_F","ECO_SECTOR_AGR","2013",98.93,,,,"R1:3513"
"TUR","BA:622","SDG_0831_SEX_ECO_RT","SEX_F","ECO_SECTOR_NAG","2013",27.229,,,,"R1:3513"
"TUR","BA:622","SDG_0831_SEX_ECO_RT","SEX_F","ECO_SECTOR_IND","2013",35.034,,,,"R1:3513"
"TUR","BA:622","SDG_0831_SEX_ECO_RT","SEX_F","ECO_SECTOR_SER","2013",24.722,,,,"R1:3513"
"TUR","BA:622","SDG_0831_SEX_ECO_RT","SEX_T","ECO_AGGREGATE_TOTAL","2013",37.808,,,,"R1:3513"
"TUR","BA:622","SDG_0831_SEX_ECO_RT","SEX_T","ECO_AGGREGATE_AGR","2013",85.995,,,,"R1:3513"
"TUR","BA:622","SDG_0831_SEX_ECO_RT","SEX_T","ECO_AGGREGATE_MAN","2013",20.175,,,,"R1:3513"
"TUR","BA:622","SDG_0831_SEX_ECO_RT","SEX_T","ECO_AGGREGATE_CON","2013",40.379,,,,"R1:3513"
"TUR","BA:622","SDG_0831_SEX_ECO_RT","SEX_T","ECO_AGGREGATE_MEL","2013",20.81,,,,"R1:3513"
"TUR","BA:622","SDG_0831_SEX_ECO_RT","SEX_T","ECO_AGGREGATE_MKT","2013",25.027,,,,"R1:3513"
"TUR","BA:622","SDG_0831_SEX_ECO_RT","SEX_T","ECO_AGGREGATE_PUB","2013",15.224,,,,"R1:3513"
"TUR","BA:622","SDG_0831_SEX_ECO_RT","SEX_M","ECO_AGGREGATE_TOTAL","2013",30.997,,,,"R1:3513"
"TUR","BA:622","SDG_0831_SEX_ECO_RT","SEX_M","ECO_AGGREGATE_AGR","2013",74.534,,,,"R1:3513"
"TUR","BA:622","SDG_0831_SEX_ECO_RT","SEX_M","ECO_AGGREGATE_MAN","2013",15.236,,,,"R1:3513"
"TUR","BA:622","SDG_0831_SEX_ECO_RT","SEX_M","ECO_AGGREGATE_CON","2013",41.355,,,,"R1:3513"
"TUR","BA:622","SDG_0831_SEX_ECO_RT","SEX_M","ECO_AGGREGATE_MEL","2013",19.809,,,,"R1:3513"
"TUR","BA:622","SDG_0831_SEX_ECO_RT","SEX_M","ECO_AGGREGATE_MKT","2013",24.138,,,,"R1:3513"
"TUR","BA:622","SDG_0831_SEX_ECO_RT","SEX_M","ECO_AGGREGATE_PUB","2013",11.541,,,,"R1:3513"
"TUR","BA:622","SDG_0831_SEX_ECO_RT","SEX_F","ECO_AGGREGATE_TOTAL","2013",53.747,,,,"R1:3513"
"TUR","BA:622","SDG_0831_SEX_ECO_RT","SEX_F","ECO_AGGREGATE_AGR","2013",98.93,,,,"R1:3513"
"TUR","BA:622","SDG_0831_SEX_ECO_RT","SEX_F","ECO_AGGREGATE_MAN","2013",36.308,,,,"R1:3513"
"TUR","BA:622","SDG_0831_SEX_ECO_RT","SEX_F","ECO_AGGREGATE_CON","2013",13.084,,,,"R1:3513"
"TUR","BA:622","SDG_0831_SEX_ECO_RT","SEX_F","ECO_AGGREGATE_MEL","2013",33.611,,,,"R1:3513"
"TUR","BA:622","SDG_0831_SEX_ECO_RT","SEX_F","ECO_AGGREGATE_MKT","2013",27.98,,,,"R1:3513"
"TUR","BA:622","SDG_0831_SEX_ECO_RT","SEX_F","ECO_AGGREGATE_PUB","2013",21.112,,,,"R1:3513"
"TUR","BA:622","SDG_0831_SEX_ECO_RT","SEX_T","ECO_SECTOR_TOTAL","2012",40.158,,,,"R1:3513"
"TUR","BA:622","SDG_0831_SEX_ECO_RT","SEX_T","ECO_SECTOR_AGR","2012",86.366,,,,"R1:3513"
"TUR","BA:622","SDG_0831_SEX_ECO_RT","SEX_T","ECO_SECTOR_NAG","2012",25.113,,,,"R1:3513"
"TUR","BA:622","SDG_0831_SEX_ECO_RT","SEX_T","ECO_SECTOR_IND","2012",28.265,,,,"R1:3513"
"TUR","BA:622","SDG_0831_SEX_ECO_RT","SEX_T","ECO_SECTOR_SER","2012",23.452,,,,"R1:3513"
"TUR","BA:622","SDG_0831_SEX_ECO_RT","SEX_M","ECO_SECTOR_TOTAL","2012",33.485,,,,"R1:3513"
"TUR","BA:622","SDG_0831_SEX_ECO_RT","SEX_M","ECO_SECTOR_AGR","2012",75.262,,,,"R1:3513"
"TUR","BA:622","SDG_0831_SEX_ECO_RT","SEX_M","ECO_SECTOR_NAG","2012",24.055,,,,"R1:3513"
"TUR","BA:622","SDG_0831_SEX_ECO_RT","SEX_M","ECO_SECTOR_IND","2012",26.683,,,,"R1:3513"
"TUR","BA:622","SDG_0831_SEX_ECO_RT","SEX_M","ECO_SECTOR_SER","2012",22.472,,,,"R1:3513"
"TUR","BA:622","SDG_0831_SEX_ECO_RT","SEX_F","ECO_SECTOR_TOTAL","2012",56.146,,,,"R1:3513"
"TUR","BA:622","SDG_0831_SEX_ECO_RT","SEX_F","ECO_SECTOR_AGR","2012",98.835,,,,"R1:3513"
"TUR","BA:622","SDG_0831_SEX_ECO_RT","SEX_F","ECO_SECTOR_NAG","2012",28.517,,,,"R1:3513"
"TUR","BA:622","SDG_0831_SEX_ECO_RT","SEX_F","ECO_SECTOR_IND","2012",36.073,,,,"R1:3513"
"TUR","BA:622","SDG_0831_SEX_ECO_RT","SEX_F","ECO_SECTOR_SER","2012",26.062,,,,"R1:3513"
"TUR","BA:622","SDG_0831_SEX_ECO_RT","SEX_T","ECO_AGGREGATE_TOTAL","2012",40.158,,,,"R1:3513"
"TUR","BA:622","SDG_0831_SEX_ECO_RT","SEX_T","ECO_AGGREGATE_AGR","2012",86.366,,,,"R1:3513"
"TUR","BA:622","SDG_0831_SEX_ECO_RT","SEX_T","ECO_AGGREGATE_MAN","2012",21.884,,,,"R1:3513"
"TUR","BA:622","SDG_0831_SEX_ECO_RT","SEX_T","ECO_AGGREGATE_CON","2012",45.698,,,,"R1:3513"
"TUR","BA:622","SDG_0831_SEX_ECO_RT","SEX_T","ECO_AGGREGATE_MEL","2012",23.461,,,,"R1:3513"
"TUR","BA:622","SDG_0831_SEX_ECO_RT","SEX_T","ECO_AGGREGATE_MKT","2012",28.08,,,,"R1:3513"
"TUR","BA:622","SDG_0831_SEX_ECO_RT","SEX_T","ECO_AGGREGATE_PUB","2012",15.017,,,,"R1:3513"
"TUR","BA:622","SDG_0831_SEX_ECO_RT","SEX_M","ECO_AGGREGATE_TOTAL","2012",33.485,,,,"R1:3513"
"TUR","BA:622","SDG_0831_SEX_ECO_RT","SEX_M","ECO_AGGREGATE_AGR","2012",75.262,,,,"R1:3513"
"TUR","BA:622","SDG_0831_SEX_ECO_RT","SEX_M","ECO_AGGREGATE_MAN","2012",17.326,,,,"R1:3513"
"TUR","BA:622","SDG_0831_SEX_ECO_RT","SEX_M","ECO_AGGREGATE_CON","2012",46.702,,,,"R1:3513"
"TUR","BA:622","SDG_0831_SEX_ECO_RT","SEX_M","ECO_AGGREGATE_MEL","2012",22.871,,,,"R1:3513"
"TUR","BA:622","SDG_0831_SEX_ECO_RT","SEX_M","ECO_AGGREGATE_MKT","2012",27.092,,,,"R1:3513"
"TUR","BA:622","SDG_0831_SEX_ECO_RT","SEX_M","ECO_AGGREGATE_PUB","2012",12.066,,,,"R1:3513"
"TUR","BA:622","SDG_0831_SEX_ECO_RT","SEX_F","ECO_AGGREGATE_TOTAL","2012",56.146,,,,"R1:3513"
"TUR","BA:622","SDG_0831_SEX_ECO_RT","SEX_F","ECO_AGGREGATE_AGR","2012",98.835,,,,"R1:3513"
"TUR","BA:622","SDG_0831_SEX_ECO_RT","SEX_F","ECO_AGGREGATE_MAN","2012",37.231,,,,"R1:3513"
"TUR","BA:622","SDG_0831_SEX_ECO_RT","SEX_F","ECO_AGGREGATE_CON","2012",16.482,,,,"R1:3513"
"TUR","BA:622","SDG_0831_SEX_ECO_RT","SEX_F","ECO_AGGREGATE_MEL","2012",32.987,,,,"R1:3513"
"TUR","BA:622","SDG_0831_SEX_ECO_RT","SEX_F","ECO_AGGREGATE_MKT","2012",31.574,,,,"R1:3513"
"TUR","BA:622","SDG_0831_SEX_ECO_RT","SEX_F","ECO_AGGREGATE_PUB","2012",20.061,,,,"R1:3513"
"TUR","BA:622","SDG_0831_SEX_ECO_RT","SEX_T","ECO_SECTOR_TOTAL","2011",43.2,,,,"R1:3513"
"TUR","BA:622","SDG_0831_SEX_ECO_RT","SEX_T","ECO_SECTOR_AGR","2011",86.545,,,,"R1:3513"
"TUR","BA:622","SDG_0831_SEX_ECO_RT","SEX_T","ECO_SECTOR_NAG","2011",28.38,,,,"R1:3513"
"TUR","BA:622","SDG_0831_SEX_ECO_RT","SEX_T","ECO_SECTOR_IND","2011",31.801,,,,"R1:3513"
"TUR","BA:622","SDG_0831_SEX_ECO_RT","SEX_T","ECO_SECTOR_SER","2011",26.496,,,,"R1:3513"
"TUR","BA:622","SDG_0831_SEX_ECO_RT","SEX_M","ECO_SECTOR_TOTAL","2011",36.421,,,,"R1:3513"
"TUR","BA:622","SDG_0831_SEX_ECO_RT","SEX_M","ECO_SECTOR_AGR","2011",75.082,,,,"R1:3513"
"TUR","BA:622","SDG_0831_SEX_ECO_RT","SEX_M","ECO_SECTOR_NAG","2011",27.548,,,,"R1:3513"
"TUR","BA:622","SDG_0831_SEX_ECO_RT","SEX_M","ECO_SECTOR_IND","2011",30.084,,,,"R1:3513"
"TUR","BA:622","SDG_0831_SEX_ECO_RT","SEX_M","ECO_SECTOR_SER","2011",25.981,,,,"R1:3513"
"TUR","BA:622","SDG_0831_SEX_ECO_RT","SEX_F","ECO_SECTOR_TOTAL","2011",59.861,,,,"R1:3513"
"TUR","BA:622","SDG_0831_SEX_ECO_RT","SEX_F","ECO_SECTOR_AGR","2011",99,,,,"R1:3513"
"TUR","BA:622","SDG_0831_SEX_ECO_RT","SEX_F","ECO_SECTOR_NAG","2011",31.26,,,,"R1:3513"
"TUR","BA:622","SDG_0831_SEX_ECO_RT","SEX_F","ECO_SECTOR_IND","2011",40.445,,,,"R1:3513"
"TUR","BA:622","SDG_0831_SEX_ECO_RT","SEX_F","ECO_SECTOR_SER","2011",27.992,,,,"R1:3513"
"TUR","BA:622","SDG_0831_SEX_ECO_RT","SEX_T","ECO_AGGREGATE_TOTAL","2011",43.2,,,,"R1:3513"
"TUR","BA:622","SDG_0831_SEX_ECO_RT","SEX_T","ECO_AGGREGATE_AGR","2011",86.545,,,,"R1:3513"
"TUR","BA:622","SDG_0831_SEX_ECO_RT","SEX_T","ECO_AGGREGATE_MAN","2011",25.202,,,,"R1:3513"
"TUR","BA:622","SDG_0831_SEX_ECO_RT","SEX_T","ECO_AGGREGATE_CON","2011",50.138,,,,"R1:3513"
"TUR","BA:622","SDG_0831_SEX_ECO_RT","SEX_T","ECO_AGGREGATE_MEL","2011",26.126,,,,"R1:3513"
"TUR","BA:622","SDG_0831_SEX_ECO_RT","SEX_T","ECO_AGGREGATE_MKT","2011",31.442,,,,"R1:3513"
"TUR","BA:622","SDG_0831_SEX_ECO_RT","SEX_T","ECO_AGGREGATE_PUB","2011",17.384,,,,"R1:3513"
"TUR","BA:622","SDG_0831_SEX_ECO_RT","SEX_M","ECO_AGGREGATE_TOTAL","2011",36.421,,,,"R1:3513"
"TUR","BA:622","SDG_0831_SEX_ECO_RT","SEX_M","ECO_AGGREGATE_AGR","2011",75.082,,,,"R1:3513"
"TUR","BA:622","SDG_0831_SEX_ECO_RT","SEX_M","ECO_AGGREGATE_MAN","2011",20.327,,,,"R1:3513"
"TUR","BA:622","SDG_0831_SEX_ECO_RT","SEX_M","ECO_AGGREGATE_CON","2011",51.263,,,,"R1:3513"
"TUR","BA:622","SDG_0831_SEX_ECO_RT","SEX_M","ECO_AGGREGATE_MEL","2011",25.828,,,,"R1:3513"
"TUR","BA:622","SDG_0831_SEX_ECO_RT","SEX_M","ECO_AGGREGATE_MKT","2011",31.311,,,,"R1:3513"
"TUR","BA:622","SDG_0831_SEX_ECO_RT","SEX_M","ECO_AGGREGATE_PUB","2011",13.654,,,,"R1:3513"
"TUR","BA:622","SDG_0831_SEX_ECO_RT","SEX_F","ECO_AGGREGATE_TOTAL","2011",59.861,,,,"R1:3513"
"TUR","BA:622","SDG_0831_SEX_ECO_RT","SEX_F","ECO_AGGREGATE_AGR","2011",99,,,,"R1:3513"
"TUR","BA:622","SDG_0831_SEX_ECO_RT","SEX_F","ECO_AGGREGATE_MAN","2011",41.896,,,,"R1:3513"
"TUR","BA:622","SDG_0831_SEX_ECO_RT","SEX_F","ECO_AGGREGATE_CON","2011",16.517,,,,"R1:3513"
"TUR","BA:622","SDG_0831_SEX_ECO_RT","SEX_F","ECO_AGGREGATE_MEL","2011",32.07,,,,"R1:3513"
"TUR","BA:622","SDG_0831_SEX_ECO_RT","SEX_F","ECO_AGGREGATE_MKT","2011",31.973,,,,"R1:3513"
"TUR","BA:622","SDG_0831_SEX_ECO_RT","SEX_F","ECO_AGGREGATE_PUB","2011",23.958,,,,"R1:3513"
"TUR","BA:622","SDG_0831_SEX_ECO_RT","SEX_T","ECO_SECTOR_TOTAL","2010",44.398,,,,"R1:3513"
"TUR","BA:622","SDG_0831_SEX_ECO_RT","SEX_T","ECO_SECTOR_AGR","2010",88.174,,,,"R1:3513"
"TUR","BA:622","SDG_0831_SEX_ECO_RT","SEX_T","ECO_SECTOR_NAG","2010",29.687,,,,"R1:3513"
"TUR","BA:622","SDG_0831_SEX_ECO_RT","SEX_T","ECO_SECTOR_IND","2010",33.063,,,,"R1:3513"
"TUR","BA:622","SDG_0831_SEX_ECO_RT","SEX_T","ECO_SECTOR_SER","2010",27.866,,,,"R1:3513"
"TUR","BA:622","SDG_0831_SEX_ECO_RT","SEX_M","ECO_SECTOR_TOTAL","2010",37.989,,,,"R1:3513"
"TUR","BA:622","SDG_0831_SEX_ECO_RT","SEX_M","ECO_SECTOR_AGR","2010",78.079,,,,"R1:3513"
"TUR","BA:622","SDG_0831_SEX_ECO_RT","SEX_M","ECO_SECTOR_NAG","2010",29.009,,,,"R1:3513"
"TUR","BA:622","SDG_0831_SEX_ECO_RT","SEX_M","ECO_SECTOR_IND","2010",31.002,,,,"R1:3513"
"TUR","BA:622","SDG_0831_SEX_ECO_RT","SEX_M","ECO_SECTOR_SER","2010",27.832,,,,"R1:3513"
"TUR","BA:622","SDG_0831_SEX_ECO_RT","SEX_F","ECO_SECTOR_TOTAL","2010",60.528,,,,"R1:3513"
"TUR","BA:622","SDG_0831_SEX_ECO_RT","SEX_F","ECO_SECTOR_AGR","2010",99.138,,,,"R1:3513"
"TUR","BA:622","SDG_0831_SEX_ECO_RT","SEX_F","ECO_SECTOR_NAG","2010",32.109,,,,"R1:3513"
"TUR","BA:622","SDG_0831_SEX_ECO_RT","SEX_F","ECO_SECTOR_IND","2010",42.961,,,,"R1:3513"
"TUR","BA:622","SDG_0831_SEX_ECO_RT","SEX_F","ECO_SECTOR_SER","2010",27.969,,,,"R1:3513"
"TUR","BA:622","SDG_0831_SEX_ECO_RT","SEX_T","ECO_AGGREGATE_TOTAL","2010",44.398,,,,"R1:3513"
"TUR","BA:622","SDG_0831_SEX_ECO_RT","SEX_T","ECO_AGGREGATE_AGR","2010",88.174,,,,"R1:3513"
"TUR","BA:622","SDG_0831_SEX_ECO_RT","SEX_T","ECO_AGGREGATE_MAN","2010",27.028,,,,"R1:3513"
"TUR","BA:622","SDG_0831_SEX_ECO_RT","SEX_T","ECO_AGGREGATE_CON","2010",52.717,,,,"R1:3513"
"TUR","BA:622","SDG_0831_SEX_ECO_RT","SEX_T","ECO_AGGREGATE_MEL","2010",23.444,,,,"R1:3513"
"TUR","BA:622","SDG_0831_SEX_ECO_RT","SEX_T","ECO_AGGREGATE_MKT","2010",33.564,,,,"R1:3513"
"TUR","BA:622","SDG_0831_SEX_ECO_RT","SEX_T","ECO_AGGREGATE_PUB","2010",17.234,,,,"R1:3513"
"TUR","BA:622","SDG_0831_SEX_ECO_RT","SEX_M","ECO_AGGREGATE_TOTAL","2010",37.989,,,,"R1:3513"
"TUR","BA:622","SDG_0831_SEX_ECO_RT","SEX_M","ECO_AGGREGATE_AGR","2010",78.079,,,,"R1:3513"
"TUR","BA:622","SDG_0831_SEX_ECO_RT","SEX_M","ECO_AGGREGATE_MAN","2010",21.976,,,,"R1:3513"
"TUR","BA:622","SDG_0831_SEX_ECO_RT","SEX_M","ECO_AGGREGATE_CON","2010",53.926,,,,"R1:3513"
"TUR","BA:622","SDG_0831_SEX_ECO_RT","SEX_M","ECO_AGGREGATE_MEL","2010",23.177,,,,"R1:3513"
"TUR","BA:622","SDG_0831_SEX_ECO_RT","SEX_M","ECO_AGGREGATE_MKT","2010",33.683,,,,"R1:3513"
"TUR","BA:622","SDG_0831_SEX_ECO_RT","SEX_M","ECO_AGGREGATE_PUB","2010",14.253,,,,"R1:3513"
"TUR","BA:622","SDG_0831_SEX_ECO_RT","SEX_F","ECO_AGGREGATE_TOTAL","2010",60.528,,,,"R1:3513"
"TUR","BA:622","SDG_0831_SEX_ECO_RT","SEX_F","ECO_AGGREGATE_AGR","2010",99.138,,,,"R1:3513"
"TUR","BA:622","SDG_0831_SEX_ECO_RT","SEX_F","ECO_AGGREGATE_MAN","2010",44.389,,,,"R1:3513"
"TUR","BA:622","SDG_0831_SEX_ECO_RT","SEX_F","ECO_AGGREGATE_CON","2010",22.83,,,,"R1:3513"
"TUR","BA:622","SDG_0831_SEX_ECO_RT","SEX_F","ECO_AGGREGATE_MEL","2010",27.917,,,,"R1:3513"
"TUR","BA:622","SDG_0831_SEX_ECO_RT","SEX_F","ECO_AGGREGATE_MKT","2010",33.052,,,,"R1:3513"
"TUR","BA:622","SDG_0831_SEX_ECO_RT","SEX_F","ECO_AGGREGATE_PUB","2010",22.831,,,,"R1:3513"
"TUR","BA:622","SDG_0831_SEX_ECO_RT","SEX_T","ECO_SECTOR_TOTAL","2009",45.061,,,,"R1:3513"
"TUR","BA:622","SDG_0831_SEX_ECO_RT","SEX_T","ECO_SECTOR_AGR","2009",88.719,,,,"R1:3513"
"TUR","BA:622","SDG_0831_SEX_ECO_RT","SEX_T","ECO_SECTOR_NAG","2009",30.796,,,,"R1:3513"
"TUR","BA:622","SDG_0831_SEX_ECO_RT","SEX_T","ECO_SECTOR_IND","2009",33.826,,,,"R1:3513"
"TUR","BA:622","SDG_0831_SEX_ECO_RT","SEX_T","ECO_SECTOR_SER","2009",29.264,,,,"R1:3513"
"TUR","BA:622","SDG_0831_SEX_ECO_RT","SEX_M","ECO_SECTOR_TOTAL","2009",39.18,,,,"R1:3513"
"TUR","BA:622","SDG_0831_SEX_ECO_RT","SEX_M","ECO_SECTOR_AGR","2009",79.465,,,,"R1:3513"
"TUR","BA:622","SDG_0831_SEX_ECO_RT","SEX_M","ECO_SECTOR_NAG","2009",30.252,,,,"R1:3513"
"TUR","BA:622","SDG_0831_SEX_ECO_RT","SEX_M","ECO_SECTOR_IND","2009",31.902,,,,"R1:3513"
"TUR","BA:622","SDG_0831_SEX_ECO_RT","SEX_M","ECO_SECTOR_SER","2009",29.34,,,,"R1:3513"
"TUR","BA:622","SDG_0831_SEX_ECO_RT","SEX_F","ECO_SECTOR_TOTAL","2009",60.496,,,,"R1:3513"
"TUR","BA:622","SDG_0831_SEX_ECO_RT","SEX_F","ECO_SECTOR_AGR","2009",99.295,,,,"R1:3513"
"TUR","BA:622","SDG_0831_SEX_ECO_RT","SEX_F","ECO_SECTOR_NAG","2009",32.801,,,,"R1:3513"
"TUR","BA:622","SDG_0831_SEX_ECO_RT","SEX_F","ECO_SECTOR_IND","2009",43.454,,,,"R1:3513"
"TUR","BA:622","SDG_0831_SEX_ECO_RT","SEX_F","ECO_SECTOR_SER","2009",29.021,,,,"R1:3513"
"TUR","BA:622","SDG_0831_SEX_ECO_RT","SEX_T","ECO_AGGREGATE_TOTAL","2009",45.061,,,,"R1:3513"
"TUR","BA:622","SDG_0831_SEX_ECO_RT","SEX_T","ECO_AGGREGATE_AGR","2009",88.719,,,,"R1:3513"
"TUR","BA:622","SDG_0831_SEX_ECO_RT","SEX_T","ECO_AGGREGATE_MAN","2009",27.789,,,,"R1:3513"
"TUR","BA:622","SDG_0831_SEX_ECO_RT","SEX_T","ECO_AGGREGATE_CON","2009",54.746,,,,"R1:3513"
"TUR","BA:622","SDG_0831_SEX_ECO_RT","SEX_T","ECO_AGGREGATE_MEL","2009",14.935,,,,"R1:3513"
"TUR","BA:622","SDG_0831_SEX_ECO_RT","SEX_T","ECO_AGGREGATE_MKT","2009",35.109,,,,"R1:3513"
"TUR","BA:622","SDG_0831_SEX_ECO_RT","SEX_T","ECO_AGGREGATE_PUB","2009",18.486,,,,"R1:3513"
"TUR","BA:622","SDG_0831_SEX_ECO_RT","SEX_M","ECO_AGGREGATE_TOTAL","2009",39.18,,,,"R1:3513"
"TUR","BA:622","SDG_0831_SEX_ECO_RT","SEX_M","ECO_AGGREGATE_AGR","2009",79.465,,,,"R1:3513"
"TUR","BA:622","SDG_0831_SEX_ECO_RT","SEX_M","ECO_AGGREGATE_MAN","2009",23.076,,,,"R1:3513"
"TUR","BA:622","SDG_0831_SEX_ECO_RT","SEX_M","ECO_AGGREGATE_CON","2009",55.698,,,,"R1:3513"
"TUR","BA:622","SDG_0831_SEX_ECO_RT","SEX_M","ECO_AGGREGATE_MEL","2009",14.556,,,,"R1:3513"
"TUR","BA:622","SDG_0831_SEX_ECO_RT","SEX_M","ECO_AGGREGATE_MKT","2009",35.294,,,,"R1:3513"
"TUR","BA:622","SDG_0831_SEX_ECO_RT","SEX_M","ECO_AGGREGATE_PUB","2009",15.685,,,,"R1:3513"
"TUR","BA:622","SDG_0831_SEX_ECO_RT","SEX_F","ECO_AGGREGATE_TOTAL","2009",60.496,,,,"R1:3513"
"TUR","BA:622","SDG_0831_SEX_ECO_RT","SEX_F","ECO_AGGREGATE_AGR","2009",99.295,,,,"R1:3513"
"TUR","BA:622","SDG_0831_SEX_ECO_RT","SEX_F","ECO_AGGREGATE_MAN","2009",44.643,,,,"R1:3513"
"TUR","BA:622","SDG_0831_SEX_ECO_RT","SEX_F","ECO_AGGREGATE_CON","2009",24.665,,,,"R1:3513"
"TUR","BA:622","SDG_0831_SEX_ECO_RT","SEX_F","ECO_AGGREGATE_MEL","2009",21.481,,,,"R1:3513"
"TUR","BA:622","SDG_0831_SEX_ECO_RT","SEX_F","ECO_AGGREGATE_MKT","2009",34.272,,,,"R1:3513"
"TUR","BA:622","SDG_0831_SEX_ECO_RT","SEX_F","ECO_AGGREGATE_PUB","2009",23.887,,,,"R1:3513"
"TUR","BA:622","SDG_0831_SEX_ECO_RT","SEX_T","ECO_SECTOR_TOTAL","2008",44.133,,,,"R1:3513"
"TUR","BA:622","SDG_0831_SEX_ECO_RT","SEX_T","ECO_SECTOR_AGR","2008",88.985,,,,"R1:3513"
"TUR","BA:622","SDG_0831_SEX_ECO_RT","SEX_T","ECO_SECTOR_NAG","2008",30.225,,,,"R1:3513"
"TUR","BA:622","SDG_0831_SEX_ECO_RT","SEX_T","ECO_SECTOR_IND","2008",31.954,,,,"R1:3513"
"TUR","BA:622","SDG_0831_SEX_ECO_RT","SEX_T","ECO_SECTOR_SER","2008",29.289,,,,"R1:3513"
"TUR","BA:622","SDG_0831_SEX_ECO_RT","SEX_M","ECO_SECTOR_TOTAL","2008",38.779,,,,"R1:3513"
"TUR","BA:622","SDG_0831_SEX_ECO_RT","SEX_M","ECO_SECTOR_AGR","2008",79.751,,,,"R1:3513"
"TUR","BA:622","SDG_0831_SEX_ECO_RT","SEX_M","ECO_SECTOR_NAG","2008",30.346,,,,"R1:3513"
"TUR","BA:622","SDG_0831_SEX_ECO_RT","SEX_M","ECO_SECTOR_IND","2008",31.059,,,,"R1:3513"
"TUR","BA:622","SDG_0831_SEX_ECO_RT","SEX_M","ECO_SECTOR_SER","2008",29.924,,,,"R1:3513"
"TUR","BA:622","SDG_0831_SEX_ECO_RT","SEX_F","ECO_SECTOR_TOTAL","2008",59.057,,,,"R1:3513"
"TUR","BA:622","SDG_0831_SEX_ECO_RT","SEX_F","ECO_SECTOR_AGR","2008",99.43,,,,"R1:3513"
"TUR","BA:622","SDG_0831_SEX_ECO_RT","SEX_F","ECO_SECTOR_NAG","2008",29.744,,,,"R1:3513"
"TUR","BA:622","SDG_0831_SEX_ECO_RT","SEX_F","ECO_SECTOR_IND","2008",36.865,,,,"R1:3513"
"TUR","BA:622","SDG_0831_SEX_ECO_RT","SEX_F","ECO_SECTOR_SER","2008",27.108,,,,"R1:3513"
"TUR","BA:622","SDG_0831_SEX_ECO_RT","SEX_T","ECO_AGGREGATE_TOTAL","2008",44.133,,,,"R1:3513"
"TUR","BA:622","SDG_0831_SEX_ECO_RT","SEX_T","ECO_AGGREGATE_AGR","2008",88.985,,,,"R1:3513"
"TUR","BA:622","SDG_0831_SEX_ECO_RT","SEX_T","ECO_AGGREGATE_MAN","2008",25.906,,,,"R1:3513"
"TUR","BA:622","SDG_0831_SEX_ECO_RT","SEX_T","ECO_AGGREGATE_CON","2008",56.597,,,,"R1:3513"
"TUR","BA:622","SDG_0831_SEX_ECO_RT","SEX_T","ECO_AGGREGATE_MEL","2008",9.229,,,,"R1:3513"
"TUR","BA:622","SDG_0831_SEX_ECO_RT","SEX_T","ECO_AGGREGATE_MKT","2008",35.49,,,,"R1:3513"
"TUR","BA:622","SDG_0831_SEX_ECO_RT","SEX_T","ECO_AGGREGATE_PUB","2008",18.118,,,,"R1:3513"
"TUR","BA:622","SDG_0831_SEX_ECO_RT","SEX_M","ECO_AGGREGATE_TOTAL","2008",38.779,,,,"R1:3513"
"TUR","BA:622","SDG_0831_SEX_ECO_RT","SEX_M","ECO_AGGREGATE_AGR","2008",79.751,,,,"R1:3513"
"TUR","BA:622","SDG_0831_SEX_ECO_RT","SEX_M","ECO_AGGREGATE_MAN","2008",22.901,,,,"R1:3513"
"TUR","BA:622","SDG_0831_SEX_ECO_RT","SEX_M","ECO_AGGREGATE_CON","2008",57.971,,,,"R1:3513"
"TUR","BA:622","SDG_0831_SEX_ECO_RT","SEX_M","ECO_AGGREGATE_MEL","2008",9.43,,,,"R1:3513"
"TUR","BA:622","SDG_0831_SEX_ECO_RT","SEX_M","ECO_AGGREGATE_MKT","2008",35.996,,,,"R1:3513"
"TUR","BA:622","SDG_0831_SEX_ECO_RT","SEX_M","ECO_AGGREGATE_PUB","2008",16.628,,,,"R1:3513"
"TUR","BA:622","SDG_0831_SEX_ECO_RT","SEX_F","ECO_AGGREGATE_TOTAL","2008",59.057,,,,"R1:3513"
"TUR","BA:622","SDG_0831_SEX_ECO_RT","SEX_F","ECO_AGGREGATE_AGR","2008",99.43,,,,"R1:3513"
"TUR","BA:622","SDG_0831_SEX_ECO_RT","SEX_F","ECO_AGGREGATE_MAN","2008",38.298,,,,"R1:3513"
"TUR","BA:622","SDG_0831_SEX_ECO_RT","SEX_F","ECO_AGGREGATE_CON","2008",17.321,,,,"R1:3513"
"TUR","BA:622","SDG_0831_SEX_ECO_RT","SEX_F","ECO_AGGREGATE_MEL","2008",5.448,"U",,,"R1:3513"
"TUR","BA:622","SDG_0831_SEX_ECO_RT","SEX_F","ECO_AGGREGATE_MKT","2008",33.07,,,,"R1:3513"
"TUR","BA:622","SDG_0831_SEX_ECO_RT","SEX_F","ECO_AGGREGATE_PUB","2008",21.289,,,,"R1:3513"
"TUR","BA:622","SDG_0831_SEX_ECO_RT","SEX_T","ECO_SECTOR_TOTAL","2007",46.032,,,,"R1:3513"
"TUR","BA:622","SDG_0831_SEX_ECO_RT","SEX_T","ECO_SECTOR_AGR","2007",89.225,,,,"R1:3513"
"TUR","BA:622","SDG_0831_SEX_ECO_RT","SEX_T","ECO_SECTOR_NAG","2007",32.788,,,,"R1:3513"
"TUR","BA:622","SDG_0831_SEX_ECO_RT","SEX_T","ECO_SECTOR_IND","2007",35.788,,,,"R1:3513"
"TUR","BA:622","SDG_0831_SEX_ECO_RT","SEX_T","ECO_SECTOR_SER","2007",31.177,,,,"R1:3513"
"TUR","BA:622","SDG_0831_SEX_ECO_RT","SEX_M","ECO_SECTOR_TOTAL","2007",40.722,,,,"R1:3513"
"TUR","BA:622","SDG_0831_SEX_ECO_RT","SEX_M","ECO_SECTOR_AGR","2007",80.207,,,,"R1:3513"
"TUR","BA:622","SDG_0831_SEX_ECO_RT","SEX_M","ECO_SECTOR_NAG","2007",32.77,,,,"R1:3513"
"TUR","BA:622","SDG_0831_SEX_ECO_RT","SEX_M","ECO_SECTOR_IND","2007",34.495,,,,"R1:3513"
"TUR","BA:622","SDG_0831_SEX_ECO_RT","SEX_M","ECO_SECTOR_SER","2007",31.775,,,,"R1:3513"
"TUR","BA:622","SDG_0831_SEX_ECO_RT","SEX_F","ECO_SECTOR_TOTAL","2007",61.285,,,,"R1:3513"
"TUR","BA:622","SDG_0831_SEX_ECO_RT","SEX_F","ECO_SECTOR_AGR","2007",99.389,,,,"R1:3513"
"TUR","BA:622","SDG_0831_SEX_ECO_RT","SEX_F","ECO_SECTOR_NAG","2007",32.866,,,,"R1:3513"
"TUR","BA:622","SDG_0831_SEX_ECO_RT","SEX_F","ECO_SECTOR_IND","2007",42.837,,,,"R1:3513"
"TUR","BA:622","SDG_0831_SEX_ECO_RT","SEX_F","ECO_SECTOR_SER","2007",28.982,,,,"R1:3513"
"TUR","BA:622","SDG_0831_SEX_ECO_RT","SEX_T","ECO_AGGREGATE_TOTAL","2007",46.032,,,,"R1:3513"
"TUR","BA:622","SDG_0831_SEX_ECO_RT","SEX_T","ECO_AGGREGATE_AGR","2007",89.225,,,,"R1:3513"
"TUR","BA:622","SDG_0831_SEX_ECO_RT","SEX_T","ECO_AGGREGATE_MAN","2007",29.863,,,,"R1:3513"
"TUR","BA:622","SDG_0831_SEX_ECO_RT","SEX_T","ECO_AGGREGATE_CON","2007",60.531,,,,"R1:3513"
"TUR","BA:622","SDG_0831_SEX_ECO_RT","SEX_T","ECO_AGGREGATE_MEL","2007",10.185,,,,"R1:3513"
"TUR","BA:622","SDG_0831_SEX_ECO_RT","SEX_T","ECO_AGGREGATE_MKT","2007",37.873,,,,"R1:3513"
"TUR","BA:622","SDG_0831_SEX_ECO_RT","SEX_T","ECO_AGGREGATE_PUB","2007",18.964,,,,"R1:3513"
"TUR","BA:622","SDG_0831_SEX_ECO_RT","SEX_M","ECO_AGGREGATE_TOTAL","2007",40.722,,,,"R1:3513"
"TUR","BA:622","SDG_0831_SEX_ECO_RT","SEX_M","ECO_AGGREGATE_AGR","2007",80.207,,,,"R1:3513"
"TUR","BA:622","SDG_0831_SEX_ECO_RT","SEX_M","ECO_AGGREGATE_MAN","2007",26.329,,,,"R1:3513"
"TUR","BA:622","SDG_0831_SEX_ECO_RT","SEX_M","ECO_AGGREGATE_CON","2007",61.569,,,,"R1:3513"
"TUR","BA:622","SDG_0831_SEX_ECO_RT","SEX_M","ECO_AGGREGATE_MEL","2007",10.191,,,,"R1:3513"
"TUR","BA:622","SDG_0831_SEX_ECO_RT","SEX_M","ECO_AGGREGATE_MKT","2007",38.4,,,,"R1:3513"
"TUR","BA:622","SDG_0831_SEX_ECO_RT","SEX_M","ECO_AGGREGATE_PUB","2007",17.197,,,,"R1:3513"
"TUR","BA:622","SDG_0831_SEX_ECO_RT","SEX_F","ECO_AGGREGATE_TOTAL","2007",61.285,,,,"R1:3513"
"TUR","BA:622","SDG_0831_SEX_ECO_RT","SEX_F","ECO_AGGREGATE_AGR","2007",99.389,,,,"R1:3513"
"TUR","BA:622","SDG_0831_SEX_ECO_RT","SEX_F","ECO_AGGREGATE_MAN","2007",43.941,,,,"R1:3513"
"TUR","BA:622","SDG_0831_SEX_ECO_RT","SEX_F","ECO_AGGREGATE_CON","2007",25.712,,,,"R1:3513"
"TUR","BA:622","SDG_0831_SEX_ECO_RT","SEX_F","ECO_AGGREGATE_MEL","2007",10.022,"U",,,"R1:3513"
"TUR","BA:622","SDG_0831_SEX_ECO_RT","SEX_F","ECO_AGGREGATE_MKT","2007",35.17,,,,"R1:3513"
"TUR","BA:622","SDG_0831_SEX_ECO_RT","SEX_F","ECO_AGGREGATE_PUB","2007",22.966,,,,"R1:3513"
"TUR","BA:622","SDG_0831_SEX_ECO_RT","SEX_T","ECO_SECTOR_TOTAL","2006",47.746,,,,"R1:3513"
"TUR","BA:622","SDG_0831_SEX_ECO_RT","SEX_T","ECO_SECTOR_AGR","2006",89.149,,,,"R1:3513"
"TUR","BA:622","SDG_0831_SEX_ECO_RT","SEX_T","ECO_SECTOR_NAG","2006",34.65,,,,"R1:3513"
"TUR","BA:622","SDG_0831_SEX_ECO_RT","SEX_T","ECO_SECTOR_IND","2006",38.468,,,,"R1:3513"
"TUR","BA:622","SDG_0831_SEX_ECO_RT","SEX_T","ECO_SECTOR_SER","2006",32.566,,,,"R1:3513"
"TUR","BA:622","SDG_0831_SEX_ECO_RT","SEX_M","ECO_SECTOR_TOTAL","2006",42.224,,,,"R1:3513"
"TUR","BA:622","SDG_0831_SEX_ECO_RT","SEX_M","ECO_SECTOR_AGR","2006",80.286,,,,"R1:3513"
"TUR","BA:622","SDG_0831_SEX_ECO_RT","SEX_M","ECO_SECTOR_NAG","2006",34.3,,,,"R1:3513"
"TUR","BA:622","SDG_0831_SEX_ECO_RT","SEX_M","ECO_SECTOR_IND","2006",36.787,,,,"R1:3513"
"TUR","BA:622","SDG_0831_SEX_ECO_RT","SEX_M","ECO_SECTOR_SER","2006",32.852,,,,"R1:3513"
"TUR","BA:622","SDG_0831_SEX_ECO_RT","SEX_F","ECO_SECTOR_TOTAL","2006",63.672,,,,"R1:3513"
"TUR","BA:622","SDG_0831_SEX_ECO_RT","SEX_F","ECO_SECTOR_AGR","2006",99.242,,,,"R1:3513"
"TUR","BA:622","SDG_0831_SEX_ECO_RT","SEX_F","ECO_SECTOR_NAG","2006",36.132,,,,"R1:3513"
"TUR","BA:622","SDG_0831_SEX_ECO_RT","SEX_F","ECO_SECTOR_IND","2006",47.495,,,,"R1:3513"
"TUR","BA:622","SDG_0831_SEX_ECO_RT","SEX_F","ECO_SECTOR_SER","2006",31.487,,,,"R1:3513"
"TUR","BA:622","SDG_0831_SEX_ECO_RT","SEX_T","ECO_AGGREGATE_TOTAL","2006",47.746,,,,"R1:3513"
"TUR","BA:622","SDG_0831_SEX_ECO_RT","SEX_T","ECO_AGGREGATE_AGR","2006",89.149,,,,"R1:3513"
"TUR","BA:622","SDG_0831_SEX_ECO_RT","SEX_T","ECO_AGGREGATE_MAN","2006",33.124,,,,"R1:3513"
"TUR","BA:622","SDG_0831_SEX_ECO_RT","SEX_T","ECO_AGGREGATE_CON","2006",61.597,,,,"R1:3513"
"TUR","BA:622","SDG_0831_SEX_ECO_RT","SEX_T","ECO_AGGREGATE_MEL","2006",13.163,,,,"R1:3513"
"TUR","BA:622","SDG_0831_SEX_ECO_RT","SEX_T","ECO_AGGREGATE_MKT","2006",39.581,,,,"R1:3513"
"TUR","BA:622","SDG_0831_SEX_ECO_RT","SEX_T","ECO_AGGREGATE_PUB","2006",19.605,,,,"R1:3513"
"TUR","BA:622","SDG_0831_SEX_ECO_RT","SEX_M","ECO_AGGREGATE_TOTAL","2006",42.224,,,,"R1:3513"
"TUR","BA:622","SDG_0831_SEX_ECO_RT","SEX_M","ECO_AGGREGATE_AGR","2006",80.286,,,,"R1:3513"
"TUR","BA:622","SDG_0831_SEX_ECO_RT","SEX_M","ECO_AGGREGATE_MAN","2006",29.171,,,,"R1:3513"
"TUR","BA:622","SDG_0831_SEX_ECO_RT","SEX_M","ECO_AGGREGATE_CON","2006",62.769,,,,"R1:3513"
"TUR","BA:622","SDG_0831_SEX_ECO_RT","SEX_M","ECO_AGGREGATE_MEL","2006",12.723,,,,"R1:3513"
"TUR","BA:622","SDG_0831_SEX_ECO_RT","SEX_M","ECO_AGGREGATE_MKT","2006",39.681,,,,"R1:3513"
"TUR","BA:622","SDG_0831_SEX_ECO_RT","SEX_M","ECO_AGGREGATE_PUB","2006",17.629,,,,"R1:3513"
"TUR","BA:622","SDG_0831_SEX_ECO_RT","SEX_F","ECO_AGGREGATE_TOTAL","2006",63.672,,,,"R1:3513"
"TUR","BA:622","SDG_0831_SEX_ECO_RT","SEX_F","ECO_AGGREGATE_AGR","2006",99.242,,,,"R1:3513"
"TUR","BA:622","SDG_0831_SEX_ECO_RT","SEX_F","ECO_AGGREGATE_MAN","2006",48.849,,,,"R1:3513"
"TUR","BA:622","SDG_0831_SEX_ECO_RT","SEX_F","ECO_AGGREGATE_CON","2006",24.9,,,,"R1:3513"
"TUR","BA:622","SDG_0831_SEX_ECO_RT","SEX_F","ECO_AGGREGATE_MEL","2006",22.651,,,,"R1:3513"
"TUR","BA:622","SDG_0831_SEX_ECO_RT","SEX_F","ECO_AGGREGATE_MKT","2006",39.051,,,,"R1:3513"
"TUR","BA:622","SDG_0831_SEX_ECO_RT","SEX_F","ECO_AGGREGATE_PUB","2006",24.15,,,,"R1:3513"
"TUR","BA:622","SDG_0831_SEX_ECO_RT","SEX_T","ECO_SECTOR_TOTAL","2005",49.046,,,,"R1:3513"
"TUR","BA:622","SDG_0831_SEX_ECO_RT","SEX_T","ECO_SECTOR_AGR","2005",89.728,,,,"R1:3513"
"TUR","BA:622","SDG_0831_SEX_ECO_RT","SEX_T","ECO_SECTOR_NAG","2005",34.986,,,,"R1:3513"
"TUR","BA:622","SDG_0831_SEX_ECO_RT","SEX_T","ECO_SECTOR_IND","2005",38.548,,,,"R1:3513"
"TUR","BA:622","SDG_0831_SEX_ECO_RT","SEX_T","ECO_SECTOR_SER","2005",33.027,,,,"R1:3513"
"TUR","BA:622","SDG_0831_SEX_ECO_RT","SEX_M","ECO_SECTOR_TOTAL","2005",43.235,,,,"R1:3513"
"TUR","BA:622","SDG_0831_SEX_ECO_RT","SEX_M","ECO_SECTOR_AGR","2005",81.492,,,,"R1:3513"
"TUR","BA:622","SDG_0831_SEX_ECO_RT","SEX_M","ECO_SECTOR_NAG","2005",34.475,,,,"R1:3513"
"TUR","BA:622","SDG_0831_SEX_ECO_RT","SEX_M","ECO_SECTOR_IND","2005",36.858,,,,"R1:3513"
"TUR","BA:622","SDG_0831_SEX_ECO_RT","SEX_M","ECO_SECTOR_SER","2005",33.105,,,,"R1:3513"
"TUR","BA:622","SDG_0831_SEX_ECO_RT","SEX_F","ECO_SECTOR_TOTAL","2005",66.063,,,,"R1:3513"
"TUR","BA:622","SDG_0831_SEX_ECO_RT","SEX_F","ECO_SECTOR_AGR","2005",99.427,,,,"R1:3513"
"TUR","BA:622","SDG_0831_SEX_ECO_RT","SEX_F","ECO_SECTOR_NAG","2005",37.254,,,,"R1:3513"
"TUR","BA:622","SDG_0831_SEX_ECO_RT","SEX_F","ECO_SECTOR_IND","2005",47.425,,,,"R1:3513"
"TUR","BA:622","SDG_0831_SEX_ECO_RT","SEX_F","ECO_SECTOR_SER","2005",32.711,,,,"R1:3513"
"TUR","BA:622","SDG_0831_SEX_ECO_RT","SEX_T","ECO_AGGREGATE_TOTAL","2005",49.046,,,,"R1:3513"
"TUR","BA:622","SDG_0831_SEX_ECO_RT","SEX_T","ECO_AGGREGATE_AGR","2005",89.728,,,,"R1:3513"
"TUR","BA:622","SDG_0831_SEX_ECO_RT","SEX_T","ECO_AGGREGATE_MAN","2005",32.794,,,,"R1:3513"
"TUR","BA:622","SDG_0831_SEX_ECO_RT","SEX_T","ECO_AGGREGATE_CON","2005",64.394,,,,"R1:3513"
"TUR","BA:622","SDG_0831_SEX_ECO_RT","SEX_T","ECO_AGGREGATE_MEL","2005",11.157,,,,"R1:3513"
"TUR","BA:622","SDG_0831_SEX_ECO_RT","SEX_T","ECO_AGGREGATE_MKT","2005",40.579,,,,"R1:3513"
"TUR","BA:622","SDG_0831_SEX_ECO_RT","SEX_T","ECO_AGGREGATE_PUB","2005",19.338,,,,"R1:3513"
"TUR","BA:622","SDG_0831_SEX_ECO_RT","SEX_M","ECO_AGGREGATE_TOTAL","2005",43.235,,,,"R1:3513"
"TUR","BA:622","SDG_0831_SEX_ECO_RT","SEX_M","ECO_AGGREGATE_AGR","2005",81.492,,,,"R1:3513"
"TUR","BA:622","SDG_0831_SEX_ECO_RT","SEX_M","ECO_AGGREGATE_MAN","2005",28.724,,,,"R1:3513"
"TUR","BA:622","SDG_0831_SEX_ECO_RT","SEX_M","ECO_AGGREGATE_CON","2005",65.459,,,,"R1:3513"
"TUR","BA:622","SDG_0831_SEX_ECO_RT","SEX_M","ECO_AGGREGATE_MEL","2005",11.162,,,,"R1:3513"
"TUR","BA:622","SDG_0831_SEX_ECO_RT","SEX_M","ECO_AGGREGATE_MKT","2005",40.606,,,,"R1:3513"
"TUR","BA:622","SDG_0831_SEX_ECO_RT","SEX_M","ECO_AGGREGATE_PUB","2005",16.769,,,,"R1:3513"
"TUR","BA:622","SDG_0831_SEX_ECO_RT","SEX_F","ECO_AGGREGATE_TOTAL","2005",66.063,,,,"R1:3513"
"TUR","BA:622","SDG_0831_SEX_ECO_RT","SEX_F","ECO_AGGREGATE_AGR","2005",99.427,,,,"R1:3513"
"TUR","BA:622","SDG_0831_SEX_ECO_RT","SEX_F","ECO_AGGREGATE_MAN","2005",48.711,,,,"R1:3513"
"TUR","BA:622","SDG_0831_SEX_ECO_RT","SEX_F","ECO_AGGREGATE_CON","2005",22.613,,,,"R1:3513"
"TUR","BA:622","SDG_0831_SEX_ECO_RT","SEX_F","ECO_AGGREGATE_MEL","2005",11.053,"U",,,"R1:3513"
"TUR","BA:622","SDG_0831_SEX_ECO_RT","SEX_F","ECO_AGGREGATE_MKT","2005",40.423,,,,"R1:3513"
"TUR","BA:622","SDG_0831_SEX_ECO_RT","SEX_F","ECO_AGGREGATE_PUB","2005",25.652,,,,"R1:3513"
"TUR","BA:622","SDG_0831_SEX_ECO_RT","SEX_T","ECO_SECTOR_TOTAL","2004",51.018,,,,"R1:3513"
"TUR","BA:622","SDG_0831_SEX_ECO_RT","SEX_T","ECO_SECTOR_AGR","2004",91.426,,,,"R1:3513"
"TUR","BA:622","SDG_0831_SEX_ECO_RT","SEX_T","ECO_SECTOR_NAG","2004",34.433,,,,"R1:3513"
"TUR","BA:622","SDG_0831_SEX_ECO_RT","SEX_T","ECO_SECTOR_IND","2004",37.744,,,,"R1:3513"
"TUR","BA:622","SDG_0831_SEX_ECO_RT","SEX_T","ECO_SECTOR_SER","2004",32.636,,,,"R1:3513"
"TUR","BA:622","SDG_0831_SEX_ECO_RT","SEX_M","ECO_SECTOR_TOTAL","2004",45.062,,,,"R1:3513"
"TUR","BA:622","SDG_0831_SEX_ECO_RT","SEX_M","ECO_SECTOR_AGR","2004",84.758,,,,"R1:3513"
"TUR","BA:622","SDG_0831_SEX_ECO_RT","SEX_M","ECO_SECTOR_NAG","2004",34.135,,,,"R1:3513"
"TUR","BA:622","SDG_0831_SEX_ECO_RT","SEX_M","ECO_SECTOR_IND","2004",36.18,,,,"R1:3513"
"TUR","BA:622","SDG_0831_SEX_ECO_RT","SEX_M","ECO_SECTOR_SER","2004",32.999,,,,"R1:3513"
"TUR","BA:622","SDG_0831_SEX_ECO_RT","SEX_F","ECO_SECTOR_TOTAL","2004",68.232,,,,"R1:3513"
"TUR","BA:622","SDG_0831_SEX_ECO_RT","SEX_F","ECO_SECTOR_AGR","2004",99.609,,,,"R1:3513"
"TUR","BA:622","SDG_0831_SEX_ECO_RT","SEX_F","ECO_SECTOR_NAG","2004",35.802,,,,"R1:3513"
"TUR","BA:622","SDG_0831_SEX_ECO_RT","SEX_F","ECO_SECTOR_IND","2004",45.634,,,,"R1:3513"
"TUR","BA:622","SDG_0831_SEX_ECO_RT","SEX_F","ECO_SECTOR_SER","2004",31.039,,,,"R1:3513"
"TUR","BA:622","SDG_0831_SEX_ECO_RT","SEX_T","ECO_AGGREGATE_TOTAL","2004",51.018,,,,"R1:3513"
"TUR","BA:622","SDG_0831_SEX_ECO_RT","SEX_T","ECO_AGGREGATE_AGR","2004",91.426,,,,"R1:3513"
"TUR","BA:622","SDG_0831_SEX_ECO_RT","SEX_T","ECO_AGGREGATE_MAN","2004",31.831,,,,"R1:3513"
"TUR","BA:622","SDG_0831_SEX_ECO_RT","SEX_T","ECO_AGGREGATE_CON","2004",65.891,,,,"R1:3513"
"TUR","BA:622","SDG_0831_SEX_ECO_RT","SEX_T","ECO_AGGREGATE_MEL","2004",12.093,,,,"R1:3513"
"TUR","BA:622","SDG_0831_SEX_ECO_RT","SEX_T","ECO_AGGREGATE_MKT","2004",40.78,,,,"R1:3513"
"TUR","BA:622","SDG_0831_SEX_ECO_RT","SEX_T","ECO_AGGREGATE_PUB","2004",18.092,,,,"R1:3513"
"TUR","BA:622","SDG_0831_SEX_ECO_RT","SEX_M","ECO_AGGREGATE_TOTAL","2004",45.062,,,,"R1:3513"
"TUR","BA:622","SDG_0831_SEX_ECO_RT","SEX_M","ECO_AGGREGATE_AGR","2004",84.758,,,,"R1:3513"
"TUR","BA:622","SDG_0831_SEX_ECO_RT","SEX_M","ECO_AGGREGATE_MAN","2004",27.982,,,,"R1:3513"
"TUR","BA:622","SDG_0831_SEX_ECO_RT","SEX_M","ECO_AGGREGATE_CON","2004",66.847,,,,"R1:3513"
"TUR","BA:622","SDG_0831_SEX_ECO_RT","SEX_M","ECO_AGGREGATE_MEL","2004",12.075,,,,"R1:3513"
"TUR","BA:622","SDG_0831_SEX_ECO_RT","SEX_M","ECO_AGGREGATE_MKT","2004",41.116,,,,"R1:3513"
"TUR","BA:622","SDG_0831_SEX_ECO_RT","SEX_M","ECO_AGGREGATE_PUB","2004",15.939,,,,"R1:3513"
"TUR","BA:622","SDG_0831_SEX_ECO_RT","SEX_F","ECO_AGGREGATE_TOTAL","2004",68.232,,,,"R1:3513"
"TUR","BA:622","SDG_0831_SEX_ECO_RT","SEX_F","ECO_AGGREGATE_AGR","2004",99.609,,,,"R1:3513"
"TUR","BA:622","SDG_0831_SEX_ECO_RT","SEX_F","ECO_AGGREGATE_MAN","2004",46.483,,,,"R1:3513"
"TUR","BA:622","SDG_0831_SEX_ECO_RT","SEX_F","ECO_AGGREGATE_CON","2004",31.244,,,,"R1:3513"
"TUR","BA:622","SDG_0831_SEX_ECO_RT","SEX_F","ECO_AGGREGATE_MEL","2004",12.509,"U",,,"R1:3513"
"TUR","BA:622","SDG_0831_SEX_ECO_RT","SEX_F","ECO_AGGREGATE_MKT","2004",38.694,,,,"R1:3513"
"TUR","BA:622","SDG_0831_SEX_ECO_RT","SEX_F","ECO_AGGREGATE_PUB","2004",23.965,,,,"R1:3513"
"TUR","BA:622","SDG_0831_SEX_ECO_RT","SEX_T","ECO_SECTOR_TOTAL","2003",52.128,,,,"R1:3513"
"TUR","BA:622","SDG_0831_SEX_ECO_RT","SEX_T","ECO_SECTOR_AGR","2003",91.336,,,,"R1:3513"
"TUR","BA:622","SDG_0831_SEX_ECO_RT","SEX_T","ECO_SECTOR_NAG","2003",32.035,,,,"R1:3513"
"TUR","BA:622","SDG_0831_SEX_ECO_RT","SEX_T","ECO_SECTOR_IND","2003",54.873,,,,"R1:3513"
"TUR","BA:622","SDG_0831_SEX_ECO_RT","SEX_T","ECO_SECTOR_SER","2003",29.517,,,,"R1:3513"
"TUR","BA:622","SDG_0831_SEX_ECO_RT","SEX_T","ECO_SECTOR_X","2003",31.182,,,,"R1:3513"
"TUR","BA:622","SDG_0831_SEX_ECO_RT","SEX_M","ECO_SECTOR_TOTAL","2003",44.537,,,,"R1:3513"
"TUR","BA:622","SDG_0831_SEX_ECO_RT","SEX_M","ECO_SECTOR_AGR","2003",83.86,,,,"R1:3513"
"TUR","BA:622","SDG_0831_SEX_ECO_RT","SEX_M","ECO_SECTOR_NAG","2003",31.865,,,,"R1:3513"
"TUR","BA:622","SDG_0831_SEX_ECO_RT","SEX_M","ECO_SECTOR_IND","2003",55.965,,,,"R1:3513"
"TUR","BA:622","SDG_0831_SEX_ECO_RT","SEX_M","ECO_SECTOR_SER","2003",29.973,,,,"R1:3513"
"TUR","BA:622","SDG_0831_SEX_ECO_RT","SEX_M","ECO_SECTOR_X","2003",27.56,,,,"R1:3513"
"TUR","BA:622","SDG_0831_SEX_ECO_RT","SEX_F","ECO_SECTOR_TOTAL","2003",71.786,,,,"R1:3513"
"TUR","BA:622","SDG_0831_SEX_ECO_RT","SEX_F","ECO_SECTOR_AGR","2003",99.401,,,,"R1:3513"
"TUR","BA:622","SDG_0831_SEX_ECO_RT","SEX_F","ECO_SECTOR_NAG","2003",32.836,,,,"R1:3513"
"TUR","BA:622","SDG_0831_SEX_ECO_RT","SEX_F","ECO_SECTOR_IND","2003",22.522,,,,"R1:3513"
"TUR","BA:622","SDG_0831_SEX_ECO_RT","SEX_F","ECO_SECTOR_SER","2003",27.445,,,,"R1:3513"
"TUR","BA:622","SDG_0831_SEX_ECO_RT","SEX_F","ECO_SECTOR_X","2003",45.179,,,,"R1:3513"
"TUR","BA:622","SDG_0831_SEX_ECO_RT","SEX_T","ECO_AGGREGATE_TOTAL","2003",52.128,,,,"R1:3513"
"TUR","BA:622","SDG_0831_SEX_ECO_RT","SEX_T","ECO_AGGREGATE_AGR","2003",91.336,,,,"R1:3513"
"TUR","BA:622","SDG_0831_SEX_ECO_RT","SEX_T","ECO_AGGREGATE_CON","2003",63.911,,,,"R1:3513"
"TUR","BA:622","SDG_0831_SEX_ECO_RT","SEX_T","ECO_AGGREGATE_MEL","2003",7.077,,,,"R1:3513"
"TUR","BA:622","SDG_0831_SEX_ECO_RT","SEX_T","ECO_AGGREGATE_MKT","2003",38.713,,,,"R1:3513"
"TUR","BA:622","SDG_0831_SEX_ECO_RT","SEX_T","ECO_AGGREGATE_PUB","2003",13.607,,,,"R1:3513"
"TUR","BA:622","SDG_0831_SEX_ECO_RT","SEX_T","ECO_AGGREGATE_X","2003",31.182,,,,"R1:3513"
"TUR","BA:622","SDG_0831_SEX_ECO_RT","SEX_M","ECO_AGGREGATE_TOTAL","2003",44.537,,,,"R1:3513"
"TUR","BA:622","SDG_0831_SEX_ECO_RT","SEX_M","ECO_AGGREGATE_AGR","2003",83.86,,,,"R1:3513"
"TUR","BA:622","SDG_0831_SEX_ECO_RT","SEX_M","ECO_AGGREGATE_CON","2003",64.979,,,,"R1:3513"
"TUR","BA:622","SDG_0831_SEX_ECO_RT","SEX_M","ECO_AGGREGATE_MEL","2003",7.428,,,,"R1:3513"
"TUR","BA:622","SDG_0831_SEX_ECO_RT","SEX_M","ECO_AGGREGATE_MKT","2003",38.827,,,,"R1:3513"
"TUR","BA:622","SDG_0831_SEX_ECO_RT","SEX_M","ECO_AGGREGATE_PUB","2003",11.484,,,,"R1:3513"
"TUR","BA:622","SDG_0831_SEX_ECO_RT","SEX_M","ECO_AGGREGATE_X","2003",27.56,,,,"R1:3513"
"TUR","BA:622","SDG_0831_SEX_ECO_RT","SEX_F","ECO_AGGREGATE_TOTAL","2003",71.786,,,,"R1:3513"
"TUR","BA:622","SDG_0831_SEX_ECO_RT","SEX_F","ECO_AGGREGATE_AGR","2003",99.401,,,,"R1:3513"
"TUR","BA:622","SDG_0831_SEX_ECO_RT","SEX_F","ECO_AGGREGATE_CON","2003",29.262,,,,"R1:3513"
"TUR","BA:622","SDG_0831_SEX_ECO_RT","SEX_F","ECO_AGGREGATE_MKT","2003",37.917,,,,"R1:3513"
"TUR","BA:622","SDG_0831_SEX_ECO_RT","SEX_F","ECO_AGGREGATE_PUB","2003",19.195,,,,"R1:3513"
"TUR","BA:622","SDG_0831_SEX_ECO_RT","SEX_F","ECO_AGGREGATE_X","2003",45.179,,,,"R1:3513"
"TUR","BA:622","SDG_0831_SEX_ECO_RT","SEX_T","ECO_SECTOR_TOTAL","2002",52.51,,,,"R1:3513"
"TUR","BA:622","SDG_0831_SEX_ECO_RT","SEX_T","ECO_SECTOR_AGR","2002",90.292,,,,"R1:3513"
"TUR","BA:622","SDG_0831_SEX_ECO_RT","SEX_T","ECO_SECTOR_NAG","2002",32.235,,,,"R1:3513"
"TUR","BA:622","SDG_0831_SEX_ECO_RT","SEX_T","ECO_SECTOR_IND","2002",51.435,,,,"R1:3513"
"TUR","BA:622","SDG_0831_SEX_ECO_RT","SEX_T","ECO_SECTOR_SER","2002",29.75,,,,"R1:3513"
"TUR","BA:622","SDG_0831_SEX_ECO_RT","SEX_T","ECO_SECTOR_X","2002",32.14,,,,"R1:3513"
"TUR","BA:622","SDG_0831_SEX_ECO_RT","SEX_M","ECO_SECTOR_TOTAL","2002",44.295,,,,"R1:3513"
"TUR","BA:622","SDG_0831_SEX_ECO_RT","SEX_M","ECO_SECTOR_AGR","2002",81.174,,,,"R1:3513"
"TUR","BA:622","SDG_0831_SEX_ECO_RT","SEX_M","ECO_SECTOR_NAG","2002",32.105,,,,"R1:3513"
"TUR","BA:622","SDG_0831_SEX_ECO_RT","SEX_M","ECO_SECTOR_IND","2002",52.216,,,,"R1:3513"
"TUR","BA:622","SDG_0831_SEX_ECO_RT","SEX_M","ECO_SECTOR_SER","2002",30.347,,,,"R1:3513"
"TUR","BA:622","SDG_0831_SEX_ECO_RT","SEX_M","ECO_SECTOR_X","2002",28.642,,,,"R1:3513"
"TUR","BA:622","SDG_0831_SEX_ECO_RT","SEX_F","ECO_SECTOR_TOTAL","2002",72.954,,,,"R1:3513"
"TUR","BA:622","SDG_0831_SEX_ECO_RT","SEX_F","ECO_SECTOR_AGR","2002",99.686,,,,"R1:3513"
"TUR","BA:622","SDG_0831_SEX_ECO_RT","SEX_F","ECO_SECTOR_NAG","2002",32.84,,,,"R1:3513"
"TUR","BA:622","SDG_0831_SEX_ECO_RT","SEX_F","ECO_SECTOR_IND","2002",24.046,,,,"R1:3513"
"TUR","BA:622","SDG_0831_SEX_ECO_RT","SEX_F","ECO_SECTOR_SER","2002",27.011,,,,"R1:3513"
"TUR","BA:622","SDG_0831_SEX_ECO_RT","SEX_F","ECO_SECTOR_X","2002",44.802,,,,"R1:3513"
"TUR","BA:622","SDG_0831_SEX_ECO_RT","SEX_T","ECO_AGGREGATE_TOTAL","2002",52.51,,,,"R1:3513"
"TUR","BA:622","SDG_0831_SEX_ECO_RT","SEX_T","ECO_AGGREGATE_AGR","2002",90.292,,,,"R1:3513"
"TUR","BA:622","SDG_0831_SEX_ECO_RT","SEX_T","ECO_AGGREGATE_CON","2002",61.776,,,,"R1:3513"
"TUR","BA:622","SDG_0831_SEX_ECO_RT","SEX_T","ECO_AGGREGATE_MEL","2002",7.085,,,,"R1:3513"
"TUR","BA:622","SDG_0831_SEX_ECO_RT","SEX_T","ECO_AGGREGATE_MKT","2002",39.094,,,,"R1:3513"
"TUR","BA:622","SDG_0831_SEX_ECO_RT","SEX_T","ECO_AGGREGATE_PUB","2002",13.677,,,,"R1:3513"
"TUR","BA:622","SDG_0831_SEX_ECO_RT","SEX_T","ECO_AGGREGATE_X","2002",32.14,,,,"R1:3513"
"TUR","BA:622","SDG_0831_SEX_ECO_RT","SEX_M","ECO_AGGREGATE_TOTAL","2002",44.295,,,,"R1:3513"
"TUR","BA:622","SDG_0831_SEX_ECO_RT","SEX_M","ECO_AGGREGATE_AGR","2002",81.174,,,,"R1:3513"
"TUR","BA:622","SDG_0831_SEX_ECO_RT","SEX_M","ECO_AGGREGATE_CON","2002",62.638,,,,"R1:3513"
"TUR","BA:622","SDG_0831_SEX_ECO_RT","SEX_M","ECO_AGGREGATE_MEL","2002",6.621,,,,"R1:3513"
"TUR","BA:622","SDG_0831_SEX_ECO_RT","SEX_M","ECO_AGGREGATE_MKT","2002",39.546,,,,"R1:3513"
"TUR","BA:622","SDG_0831_SEX_ECO_RT","SEX_M","ECO_AGGREGATE_PUB","2002",11.227,,,,"R1:3513"
"TUR","BA:622","SDG_0831_SEX_ECO_RT","SEX_M","ECO_AGGREGATE_X","2002",28.642,,,,"R1:3513"
"TUR","BA:622","SDG_0831_SEX_ECO_RT","SEX_F","ECO_AGGREGATE_TOTAL","2002",72.954,,,,"R1:3513"
"TUR","BA:622","SDG_0831_SEX_ECO_RT","SEX_F","ECO_AGGREGATE_AGR","2002",99.686,,,,"R1:3513"
"TUR","BA:622","SDG_0831_SEX_ECO_RT","SEX_F","ECO_AGGREGATE_CON","2002",26.868,,,,"R1:3513"
"TUR","BA:622","SDG_0831_SEX_ECO_RT","SEX_F","ECO_AGGREGATE_MEL","2002",17.332,"U",,,"R1:3513"
"TUR","BA:622","SDG_0831_SEX_ECO_RT","SEX_F","ECO_AGGREGATE_MKT","2002",35.878,,,,"R1:3513"
"TUR","BA:622","SDG_0831_SEX_ECO_RT","SEX_F","ECO_AGGREGATE_PUB","2002",20.152,,,,"R1:3513"
"TUR","BA:622","SDG_0831_SEX_ECO_RT","SEX_F","ECO_AGGREGATE_X","2002",44.802,,,,"R1:3513"
"TUR","BA:622","SDG_0831_SEX_ECO_RT","SEX_T","ECO_SECTOR_TOTAL","2001",53.398,,,,"R1:3513"
"TUR","BA:622","SDG_0831_SEX_ECO_RT","SEX_T","ECO_SECTOR_AGR","2001",91.952,,,,"R1:3513"
"TUR","BA:622","SDG_0831_SEX_ECO_RT","SEX_T","ECO_SECTOR_NAG","2001",30.188,,,,"R1:3513"
"TUR","BA:622","SDG_0831_SEX_ECO_RT","SEX_T","ECO_SECTOR_IND","2001",53.612,,,,"R1:3513"
"TUR","BA:622","SDG_0831_SEX_ECO_RT","SEX_T","ECO_SECTOR_SER","2001",27.61,,,,"R1:3513"
"TUR","BA:622","SDG_0831_SEX_ECO_RT","SEX_T","ECO_SECTOR_X","2001",27.822,,,,"R1:3513"
"TUR","BA:622","SDG_0831_SEX_ECO_RT","SEX_M","ECO_SECTOR_TOTAL","2001",45.516,,,,"R1:3513"
"TUR","BA:622","SDG_0831_SEX_ECO_RT","SEX_M","ECO_SECTOR_AGR","2001",85.237,,,,"R1:3513"
"TUR","BA:622","SDG_0831_SEX_ECO_RT","SEX_M","ECO_SECTOR_NAG","2001",30.296,,,,"R1:3513"
"TUR","BA:622","SDG_0831_SEX_ECO_RT","SEX_M","ECO_SECTOR_IND","2001",54.432,,,,"R1:3513"
"TUR","BA:622","SDG_0831_SEX_ECO_RT","SEX_M","ECO_SECTOR_SER","2001",28.526,,,,"R1:3513"
"TUR","BA:622","SDG_0831_SEX_ECO_RT","SEX_M","ECO_SECTOR_X","2001",24.011,,,,"R1:3513"
"TUR","BA:622","SDG_0831_SEX_ECO_RT","SEX_F","ECO_SECTOR_TOTAL","2001",73.939,,,,"R1:3513"
"TUR","BA:622","SDG_0831_SEX_ECO_RT","SEX_F","ECO_SECTOR_AGR","2001",99.608,,,,"R1:3513"
"TUR","BA:622","SDG_0831_SEX_ECO_RT","SEX_F","ECO_SECTOR_NAG","2001",29.63,,,,"R1:3513"
"TUR","BA:622","SDG_0831_SEX_ECO_RT","SEX_F","ECO_SECTOR_IND","2001",19.771,,,,"R1:3513"
"TUR","BA:622","SDG_0831_SEX_ECO_RT","SEX_F","ECO_SECTOR_SER","2001",23.18,,,,"R1:3513"
"TUR","BA:622","SDG_0831_SEX_ECO_RT","SEX_F","ECO_SECTOR_X","2001",43.697,,,,"R1:3513"
"TUR","BA:622","SDG_0831_SEX_ECO_RT","SEX_T","ECO_AGGREGATE_TOTAL","2001",53.398,,,,"R1:3513"
"TUR","BA:622","SDG_0831_SEX_ECO_RT","SEX_T","ECO_AGGREGATE_AGR","2001",91.952,,,,"R1:3513"
"TUR","BA:622","SDG_0831_SEX_ECO_RT","SEX_T","ECO_AGGREGATE_CON","2001",62.212,,,,"R1:3513"
"TUR","BA:622","SDG_0831_SEX_ECO_RT","SEX_T","ECO_AGGREGATE_MEL","2001",4.059,,,,"R1:3513"
"TUR","BA:622","SDG_0831_SEX_ECO_RT","SEX_T","ECO_AGGREGATE_MKT","2001",36.499,,,,"R1:3513"
"TUR","BA:622","SDG_0831_SEX_ECO_RT","SEX_T","ECO_AGGREGATE_PUB","2001",11.846,,,,"R1:3513"
"TUR","BA:622","SDG_0831_SEX_ECO_RT","SEX_T","ECO_AGGREGATE_X","2001",27.822,,,,"R1:3513"
"TUR","BA:622","SDG_0831_SEX_ECO_RT","SEX_M","ECO_AGGREGATE_TOTAL","2001",45.516,,,,"R1:3513"
"TUR","BA:622","SDG_0831_SEX_ECO_RT","SEX_M","ECO_AGGREGATE_AGR","2001",85.237,,,,"R1:3513"
"TUR","BA:622","SDG_0831_SEX_ECO_RT","SEX_M","ECO_AGGREGATE_CON","2001",62.858,,,,"R1:3513"
"TUR","BA:622","SDG_0831_SEX_ECO_RT","SEX_M","ECO_AGGREGATE_MEL","2001",4.274,,,,"R1:3513"
"TUR","BA:622","SDG_0831_SEX_ECO_RT","SEX_M","ECO_AGGREGATE_MKT","2001",37.176,,,,"R1:3513"
"TUR","BA:622","SDG_0831_SEX_ECO_RT","SEX_M","ECO_AGGREGATE_PUB","2001",10.056,,,,"R1:3513"
"TUR","BA:622","SDG_0831_SEX_ECO_RT","SEX_M","ECO_AGGREGATE_X","2001",24.011,,,,"R1:3513"
"TUR","BA:622","SDG_0831_SEX_ECO_RT","SEX_F","ECO_AGGREGATE_TOTAL","2001",73.939,,,,"R1:3513"
"TUR","BA:622","SDG_0831_SEX_ECO_RT","SEX_F","ECO_AGGREGATE_AGR","2001",99.608,,,,"R1:3513"
"TUR","BA:622","SDG_0831_SEX_ECO_RT","SEX_F","ECO_AGGREGATE_CON","2001",28.87,,,,"R1:3513"
"TUR","BA:622","SDG_0831_SEX_ECO_RT","SEX_F","ECO_AGGREGATE_MKT","2001",31.407,,,,"R1:3513"
"TUR","BA:622","SDG_0831_SEX_ECO_RT","SEX_F","ECO_AGGREGATE_PUB","2001",16.761,,,,"R1:3513"
"TUR","BA:622","SDG_0831_SEX_ECO_RT","SEX_F","ECO_AGGREGATE_X","2001",43.697,,,,"R1:3513"
"TUR","BA:622","SDG_0831_SEX_ECO_RT","SEX_T","ECO_SECTOR_TOTAL","2000",51.984,,,,"R1:3513"
"TUR","BA:622","SDG_0831_SEX_ECO_RT","SEX_T","ECO_SECTOR_AGR","2000",90.658,,,,"R1:3513"
"TUR","BA:622","SDG_0831_SEX_ECO_RT","SEX_T","ECO_SECTOR_NAG","2000",30.231,,,,"R1:3513"
"TUR","BA:622","SDG_0831_SEX_ECO_RT","SEX_T","ECO_SECTOR_IND","2000",59.132,,,,"R1:3513"
"TUR","BA:622","SDG_0831_SEX_ECO_RT","SEX_T","ECO_SECTOR_SER","2000",26.188,,,,"R1:3513"
"TUR","BA:622","SDG_0831_SEX_ECO_RT","SEX_T","ECO_SECTOR_X","2000",27.627,,,,"R1:3513"
"TUR","BA:622","SDG_0831_SEX_ECO_RT","SEX_M","ECO_SECTOR_TOTAL","2000",44.736,,,,"R1:3513"
"TUR","BA:622","SDG_0831_SEX_ECO_RT","SEX_M","ECO_SECTOR_AGR","2000",83.498,,,,"R1:3513"
"TUR","BA:622","SDG_0831_SEX_ECO_RT","SEX_M","ECO_SECTOR_NAG","2000",30.399,,,,"R1:3513"
"TUR","BA:622","SDG_0831_SEX_ECO_RT","SEX_M","ECO_SECTOR_IND","2000",60.13,,,,"R1:3513"
"TUR","BA:622","SDG_0831_SEX_ECO_RT","SEX_M","ECO_SECTOR_SER","2000",27.129,,,,"R1:3513"
"TUR","BA:622","SDG_0831_SEX_ECO_RT","SEX_M","ECO_SECTOR_X","2000",23.154,,,,"R1:3513"
"TUR","BA:622","SDG_0831_SEX_ECO_RT","SEX_F","ECO_SECTOR_TOTAL","2000",71.7,,,,"R1:3513"
"TUR","BA:622","SDG_0831_SEX_ECO_RT","SEX_F","ECO_SECTOR_AGR","2000",99.356,,,,"R1:3513"
"TUR","BA:622","SDG_0831_SEX_ECO_RT","SEX_F","ECO_SECTOR_NAG","2000",29.388,,,,"R1:3513"
"TUR","BA:622","SDG_0831_SEX_ECO_RT","SEX_F","ECO_SECTOR_IND","2000",24.812,,,,"R1:3513"
"TUR","BA:622","SDG_0831_SEX_ECO_RT","SEX_F","ECO_SECTOR_SER","2000",21.813,,,,"R1:3513"
"TUR","BA:622","SDG_0831_SEX_ECO_RT","SEX_F","ECO_SECTOR_X","2000",45.748,,,,"R1:3513"
"TUR","BA:622","SDG_0831_SEX_ECO_RT","SEX_T","ECO_AGGREGATE_TOTAL","2000",51.984,,,,"R1:3513"
"TUR","BA:622","SDG_0831_SEX_ECO_RT","SEX_T","ECO_AGGREGATE_AGR","2000",90.658,,,,"R1:3513"
"TUR","BA:622","SDG_0831_SEX_ECO_RT","SEX_T","ECO_AGGREGATE_CON","2000",65.893,,,,"R1:3513"
"TUR","BA:622","SDG_0831_SEX_ECO_RT","SEX_T","ECO_AGGREGATE_MEL","2000",5.803,,,,"R1:3513"
"TUR","BA:622","SDG_0831_SEX_ECO_RT","SEX_T","ECO_AGGREGATE_MKT","2000",34.562,,,,"R1:3513"
"TUR","BA:622","SDG_0831_SEX_ECO_RT","SEX_T","ECO_AGGREGATE_PUB","2000",10.797,,,,"R1:3513"
"TUR","BA:622","SDG_0831_SEX_ECO_RT","SEX_T","ECO_AGGREGATE_X","2000",27.627,,,,"R1:3513"
"TUR","BA:622","SDG_0831_SEX_ECO_RT","SEX_M","ECO_AGGREGATE_TOTAL","2000",44.736,,,,"R1:3513"
"TUR","BA:622","SDG_0831_SEX_ECO_RT","SEX_M","ECO_AGGREGATE_AGR","2000",83.498,,,,"R1:3513"
"TUR","BA:622","SDG_0831_SEX_ECO_RT","SEX_M","ECO_AGGREGATE_CON","2000",66.738,,,,"R1:3513"
"TUR","BA:622","SDG_0831_SEX_ECO_RT","SEX_M","ECO_AGGREGATE_MEL","2000",5.867,,,,"R1:3513"
"TUR","BA:622","SDG_0831_SEX_ECO_RT","SEX_M","ECO_AGGREGATE_MKT","2000",35.042,,,,"R1:3513"
"TUR","BA:622","SDG_0831_SEX_ECO_RT","SEX_M","ECO_AGGREGATE_PUB","2000",9.382,,,,"R1:3513"
"TUR","BA:622","SDG_0831_SEX_ECO_RT","SEX_M","ECO_AGGREGATE_X","2000",23.154,,,,"R1:3513"
"TUR","BA:622","SDG_0831_SEX_ECO_RT","SEX_F","ECO_AGGREGATE_TOTAL","2000",71.7,,,,"R1:3513"
"TUR","BA:622","SDG_0831_SEX_ECO_RT","SEX_F","ECO_AGGREGATE_AGR","2000",99.356,,,,"R1:3513"
"TUR","BA:622","SDG_0831_SEX_ECO_RT","SEX_F","ECO_AGGREGATE_CON","2000",31.427,,,,"R1:3513"
"TUR","BA:622","SDG_0831_SEX_ECO_RT","SEX_F","ECO_AGGREGATE_MEL","2000",,"U",,,"R1:3513"
"TUR","BA:622","SDG_0831_SEX_ECO_RT","SEX_F","ECO_AGGREGATE_MKT","2000",31.08,,,,"R1:3513"
"TUR","BA:622","SDG_0831_SEX_ECO_RT","SEX_F","ECO_AGGREGATE_PUB","2000",14.439,,,,"R1:3513"
"TUR","BA:622","SDG_0831_SEX_ECO_RT","SEX_F","ECO_AGGREGATE_X","2000",45.748,,,,"R1:3513"
